Model Number,Item Description,Detail Description,Overall Width,Overall Depth,Overall Height,Arm Height,Seat Height,Seat Depth,Inside Width,Weight (Wrap),Weight (Carton),Cubic Feet,COM Price,COM Yardage,Year
1116-01,Lounge Chair,"Loose Back, Loose Seat",33,37,36,24,20-1/2,20-1/2,21,65,75,25.55,1654,11.25,2016
1116-31,Swivel Chair,"Loose Back, Loose Seat",33,37,36,24,20-1/2,20-1/2,21,95,110,25.55,1654,10.75,2016
1121-31,Swivel Chair,"Loose Pillow Back, Loose Seat",32,37-1/2,36-1/2,25-1/2,21,20,23,65,75,27.89,1654,11.75,2016
1122-31,Swivel Chair,"Tufted Back, Loose Seat",32,35,38-1/2,22-1/2,21,22,23-1/2,65,75,27.89,1761,8.25,2016
1122-32,Swivel Glider,"Tufted Back, Loose Seat",32,35,38-1/2,22-1/2,21,22,23-1/2,65,75,27.89,1914,8.25,2016
1123-30,Swivel Rocker,"Tufted Back, Loose Seat",28-1/2,33-1/2,39,23,18-1/2,20-1/2,20,55,65,20.33,1522,8.25,2016
1123-31,Swivel Chair,"Tufted Back, Loose Seat",28-1/2,33-1/2,39,23,18-1/2,20-1/2,20,55,65,20.33,1522,8.25,2016
1126-30,Swivel Rocker,"Loose Back, Loose Seat",30,38,38,24,21-1/2,20,23,90,105,31.44,1807,13.00,2016
1126-31,Swivel Chair,"Loose Back, Loose Seat",30,38,38,24,21-1/2,20,23,,,,1807,13.00,2016
1141-01,Lounge Chair,"Tufted Back, Loose Seat",32,34,35-1/2,24,19-1/2,22,20-1/2,55,65,20.33,1434,6.25,2016
1141-20,Ottoman,Semi-Attached Seat,27-1/2,21,17-1/2,N/A,N/A,N/A,N/A,25,30,9.51,740,3.00,2016
1170-30,Swivel Rocker,"Loose Back, Loose Seat",31,34,38,26-1/2,20,20,19-1/2,95,105,25.55,1886,13.50,2016
1170-32,Swivel Glider,"Loose Back, Loose Seat",31,34,38,26-1/2,20,20,19-1/2,95,105,25.55,2039,13.50,2016
1189-31,Swivel Chair,"Loose Back, Loose Seat",31,33,36,26-1/2,20,18,22,75,85,25.55,1516,9.00,2016
1189-32,Swivel Glider,"Loose Back, Loose Seat",31,33,36,26-1/2,20,18,22,75,85,25.55,1669,9.00,2016
1191-31,Swivel Chair,"Tight Back, Loose Seat",30,35-1/2,35,23,20,21-1/2,23,65,75,27.89,1550,8.50,2016
1191-32,Swivel Glider,"Tight Back, Loose Seat",30,35-1/2,35,23,20-1/2,22,23,35,45,20.33,1718,8.50,2016
1401-01,Lounge Chair,"Tight Back, Loose Seat",35-1/2,35-1/2,38-1/2,24-1/2,21,21,22-1/2,60,75,25.90,1571,8.00,2016
1403-01,Lounge Chair,"Tight Back, Loose Seat",35-1/2,37-1/2,38,25-1/2,21,22-1/2,22,75,85,25.55,1641,8.25,2016
1403-20,Ottoman,Semi-Attached Seat,27-1/2,21,19,N/A,N/A,N/A,N/A,30,35,9.51,752,3.75,2016
1404-01,Lounge Chair,"Tight Back, Loose Seat",39,36-1/2,39-1/2,24-1/2,21,22-1/2,25-1/2,85,95,33.75,1700,10.25,2016
1405-01,Lounge Chair,"Tight Back, Loose Seat",29,37,36-1/2,26,19,21-1/2,21,65,75,27.89,1590,6.50,2016
1407-01,Lounge Chair,"Tight Back, Loose Seat",31-1/2,34-1/2,38-1/2,24-1/2,21-1/2,22,23-1/2,85,95,25.55,1715,10.25,2016
1407-31,Swivel Chair,"Tight Back, Loose Seat",31-1/2,34-1/2,38-1/2,24-1/2,21-1/2,22,23-1/2,85,95,25.55,1792,10.25,2016
1408-01,Lounge Chair,"Semi-Attached Back, Loose Seat",32-1/2,37,36-1/2,26,21-1/2,20,23,65,75,31.70,1779,10.50,2016
1408-31,Swivel Chair,"Semi-Attached Back, Loose Seat",32-1/2,37,36-1/2,26,21-1/2,20,23,90,105,31.44,1779,10.50,2016
1409-01,Lounge Chair,"Tight Back, Loose Seat",34-1/2,36,38,25,20-1/2,20,22,60,70,25.55,1534,7.50,2016
1410-01,Lounge Chair,"Tufted Back, Loose Seat",39,36-1/2,39,24-1/2,21,21-1/2,23,65,75,33.75,1853,11.25,2016
1411-01,Lounge Chair,"Tight Back, Loose Seat",31,36-1/2,40,27,21-1/2,22-1/2,23,75,85,27.93,1580,9.25,2016
1412-01,Lounge Chair,"Tight Back, Loose Seat",32-1/2,34-1/2,32-1/2,27,20,19,21-1/2,55,65,25.55,1391,6.25,2016
1413-01,Lounge Chair,"Loose Back, Loose Seat",35-1/2,41,39-1/2,25,20,22,21,75,85,33.75,1877,13.00,2016
1413-20,Ottoman,Semi-Attached Seat,31,24,18-1/2,N/A,N/A,N/A,N/A,30,35,13.45,856,6.00,2016
1413-31,Swivel Chair,"Loose Back, Loose Seat",35-1/2,41,39-1/2,25,20,22,21,85,95,33.75,1953,13.00,2016
1413-32,Swivel Glider,"Loose Back, Loose Seat",35-1/2,41,39-1/2,25,20,22,21,75,85,33.75,2106,13.00,2016
1414-01,Lounge Chair,"Semi-Attached Back, Loose Seat",34,34-1/2,34,22,19,21,21,65,75,25.55,1626,9.75,2016
1414-31,Swivel Chair,"Semi-Attached Back, Loose Seat",34,34-1/2,34,22,19,21,21,70,80,25.55,1703,9.75,2016
1414-32,Swivel Glider,"Semi-Attached Back, Loose Seat",34,34-1/2,34,22,19,21,21,80,90,25.55,1856,9.75,2016
1415-01,Lounge Chair,"Loose Back, Loose Seat",36,37-1/2,37,24-1/2,20,21,21,65,75,27.93,1807,10.75,2016
1415-20,Ottoman,Semi-Attached Seat,24-1/2,18-1/2,18,N/A,N/A,N/A,N/A,30,35,9.51,694,3.00,2016
1416-01,Lounge Chair,"Loose Back, Loose Seat",32-1/2,39-1/2,40-1/2,24-1/2,22,22,25,65,75,33.75,1733,9.75,2016
1416-20,Ottoman,Semi-Attached Seat,30,20-1/2,21,N/A,N/A,N/A,N/A,30,35,13.45,874,3.75,2016
1419-01,Lounge Chair,"Tight Back, Loose Seat",33,38,43-1/2,26,21-1/2,22,22-1/2,75,85,33.75,1657,9.50,2016
1422-01,"Lounge , Chair","Loose Back , Loose Seat",31,36-1/2,40-1/2,24-1/2,19-1/2,20-1/2,23,65,75,27.89,1779,9.75,2016
1423-01,Lounge Chair,"Tight Back, Loose Seat",35-1/2,37-1/2,38,25-1/2,21,22-1/2,22,75,85,25.55,1718,8.50,2016
1423-20,Ottoman,Semi-Attached Seat,27-1/2,21,19,N/A,N/A,N/A,N/A,30,35,9.51,752,3.75,2016
1427-01,Lounge Chair,"Tight Back, Loose Seat",35,34,38,25,19-1/2,21,19-1/2,65,75,25.55,1534,8.50,2016
1427-30,Swivel Rocker,"Tight Back, Loose Seat",35,34,38,25,19-1/2,21,19-1/2,70,80,25.55,1611,8.50,2016
1427-31,Swivel Chair,"Tight Back, Loose Seat",35,34,38,25,19-1/2,21,19-1/2,70,80,25.55,1687,8.50,2016
1429-01,Lounge Chair,"Loose Pillow Back, Loose Seat",29,34-1/2,35,24-1/2,20-1/2,19-1/2,22-1/2,65,75,25.55,1718,9.50,2016
1429-31,Swivel Chair,"Loose Pillow Back, Loose Seat",29,34-1/2,35,24-1/2,20-1/2,19-1/2,22-1/2,75,80,25.55,1748,9.25,2016
1429-32,Swivel Glider,"Loose Pillow Back, Loose Seat",29,34-1/2,35,24-1/2,20-1/2,19-1/2,22-1/2,65,75,27.93,1932,9.25,2016
1430-01,Lounge Chair,"Loose Pillow Back, Loose Seat",29,34-1/2,35,24-1/2,20-1/2,19-1/2,22-1/2,60,70,25.55,1504,8.50,2016
1432-01,"Occasional, Chair","Tight Back, Tight Seat",29,34,41,27-1/2,19-1/2,20,21,45,55,27.93,1138,4.00,2016
1441-01,Lounge Chair,"Tight Back, Loose Seat",33-1/2,37-1/2,34-1/2,22-1/2,20-1/2,20-1/2,19-1/2,60,70,25.55,1534,9.25,2016
1441-31,Swivel Chair,"Tight Back, Loose Seat",33-1/2,37-1/2,34-1/2,22-1/2,20-1/2,20-1/2,19-1/2,80,90,25.55,1626,9.25,2016
1443-01,Lounge Chair,"Loose Back, Loose Seat",34,41,38-1/2,26,21-1/2,22-1/2,22-1/2,90,105,31.44,1800,14.00,2016
1443-20,Ottoman,Semi-Attached Seat,29-1/2,23-1/2,20,N/A,N/A,N/A,N/A,35,40,13.45,856,5.75,2016
1443-31,Swivel Chair,"Loose Back, Loose Seat",34,41,38-1/2,26,21-1/2,22-1/2,22-1/2,90,105,31.44,1877,14.00,2016
1443-32,Swivel Glider,"Loose Back, Loose Seat",34,41,38-1/2,26,21-1/2,22-1/2,22-1/2,95,105,31.44,2030,14.00,2016
1445-31,Swivel Chair,"Tight Back, Loose Seat",30,35,39,25-1/2,19-1/2,22-1/2,20-1/2,85,95,25.55,1504,9.00,2016
1445-32,Swivel Glider,"Tight Back, Loose Seat",30,35,39,25-1/2,19-1/2,22-1/2,20-1/2,75,85,25.55,1657,9.00,2016
1447-01,"Lounge , Chair","Tight Back, Loose Seat",27,30,31,24-1/2,20,20,20,35,40,19.01,1361,6.25,2016
1451-01,Lounge Chair,"Tight Back, Tight Seat",29-1/2,35-1/2,36-1/2,25,19-1/2,21-1/2,22,60,70,25.55,1422,7.00,2016
1451-20,Ottoman,Webbed Seat,26-1/2,23,19,N/A,N/A,N/A,N/A,25,30,9.51,721,2.50,2016
1453-01,Lounge Chair,"Loose Back, Loose Seat",31,38-1/2,40-1/2,24-1/2,21,20,22,70,80,27.93,1663,10.25,2016
1454-01,Lounge Chair,"Loose Back, Loose Seat",37,38-1/2,37-1/2,23-1/2,21,22,21,65,75,31.70,1731,13.00,2016
1454-20,Ottoman,Semi-Attached Seat,27,23,19,N/A,N/A,N/A,N/A,30,35,9.51,844,5.00,2016
1454-31,Swivel Chair,"Loose Back, Loose Seat",37,38-1/2,37-1/2,23-1/2,21,22,21,80,90,31.70,1884,13.00,2016
1454-32,Swivel Glider,"Loose Back, Loose Seat",37,38-1/2,37-1/2,23-1/2,21,22,21,65,75,31.70,2037,13.00,2016
1458-01,Lounge Chair,"Semi-Attached Back, Loose Seat",32-1/2,40,38,26-1/2,18,21,22,95,105,33.75,1856,9.00,2016
1458-20,Ottoman,Tight Seat,28-1/2,22,17-1/2,N/A,N/A,N/A,N/A,25,30,9.51,801,2.75,2016
1459-01,Lounge Chair,"Loose Back, Loose Seat",37,45,42,27-1/2,21,22,22,85,95,33.75,1822,12.25,2016
1459-20,Ottoman,Semi-Attached Seat,28,21,20-1/2,N/A,N/A,N/A,N/A,30,35,9.51,752,3.75,2016
1464-01,Lounge Chair,"Tight Back, Tight Seat",33-1/2,35,39,27,20,22,19,60,70,27.89,1422,6.50,2016
1466-01,Lounge Chair,"Tight Back, Loose Seat",31,35-1/2,36-1/2,23-1/2,20-1/2,22,23,65,75,25.55,1626,10.25,2016
1466-30,Swivel Rocker,"Tight Back, Loose Seat",31,35-1/2,36-1/2,23-1/2,20-1/2,22,23,80,90,25.55,1718,10.25,2016
1466-31,Swivel Chair,"Tight Back, Loose Seat",31,35-1/2,36-1/2,23-1/2,20-1/2,22,23,85,95,25.55,1748,10.25,2016
1470-01,Lounge Chair,"Tight Back, Loose Seat",31-1/2,32-1/2,36,25-1/2,21,19-1/2,20-1/2,55,65,20.33,1406,6.25,2016
1473-01,Lounge Chair,"Tight Back, Loose Seat",35,37,39,25-1/2,21-1/2,21,23,70,80,27.93,1595,8.50,2016
1474-01,Lounge Chair,"Tight Back, Tight Seat",30-1/2,34,38,N/A,20,21-1/2,N/A,45,55,25.55,1146,5.25,2016
1475-01,Lounge Chair,"Tight Back, Tight Seat",30-1/2,34,38,N/A,20,21-1/2,N/A,45,55,25.55,1265,6.50,2016
1476-01,"Occasional, Chair","Tight Back, Tight Seat",24-1/2,26,38,N/A,19-1/2,19,21,35,40,16.24,1303,3.75,2016
1478-01,Lounge Chair,"Tight Back, Loose Seat",29-1/2,36-1/2,40-1/2,25,21,22-1/2,22-1/2,65,75,27.93,1565,9.25,2016
1480-01,Lounge Chair,"Loose Back, Loose Seat",33,33,34,24-1/2,20,19,19-1/2,65,75,25.55,1565,9.00,2016
1480-31,Swivel Chair,"Loose Back, Loose Seat",33,33,34,24-1/2,20,19,19-1/2,70,80,25.55,1641,9.00,2016
1483-01,Lounge Chair,"Loose Back, Loose Seat",31,38,42-1/2,25-1/2,23,20-1/2,24,60,70,33.75,1856,8.00,2016
1483-20,Ottoman,Semi-Attached Seat,28-1/2,23-1/2,21-1/2,N/A,N/A,N/A,N/A,25,30,9.51,874,4.00,2016
1489-01,Lounge Chair,"Tight Back, Loose Seat",33-1/2,37-1/2,34-1/2,22-1/2,19-1/2,20-1/2,19-1/2,70,80,37.50,1547,7.25,2016
1491-01,Lounge Chair,"Tight Back, Loose Seat",30-1/2,36,43-1/2,25-1/2,21,20,24,65,75,27.93,1672,9.50,2016
1491-20,Ottoman,Semi-Attached Seat,28,21,21,N/A,N/A,N/A,N/A,25,30,9.40,782,3.75,2016
1492-01,Lounge Chair,"Tufted Seat, Tufted Back",33,40,36,23,17,21,20,65,75,31.44,1978,7.50,2016
1492-20,Ottoman,Tufted Seat,28,22,17,N/A,N/A,N/A,N/A,20,25,9.51,728,2.50,2016
1494-01,Lounge Chair,"Tight Back, Tight Seat",27-1/2,35,40-1/2,27,19,21-1/2,21,50,60,27.93,1442,8.50,2016
1499-01,"Lounge, Chair","Tight Back, Tight Seat",29-1/2,36,37-1/2,22-1/2,18-1/2,22,23,35,45,20.33,1284,6.50,2016
1499-20,Ottoman,Tight Seat,22,18,15-1/2,N/A,N/A,N/A,N/A,25,30,9.51,713,2.50,2016
1532-01,Lounge Chair,"Tight Back, Loose Seat",30,36,43-1/2,24,21,21,20-1/2,80,90,27.93,1755,9.00,2016
1601-10,Bench,"Tight Back, Tight Seat",51,22,32,27,19-1/2,19,46,45,55,21.34,1379,4.25,2016
1606-10,Bench,"Semi-Attached Seat, Metal Base",40-1/2,23,21,N/A,N/A,N/A,N/A,60,70,26.76,1202,2.75,2016
1607-10,Bench,"Semi-Attached Seat, Metal Base",40-1/2,23,21,N/A,N/A,N/A,N/A,60,70,26.76,1248,2.75,2016
1610-10,Bench,Tufted Seat,45-1/2,18,20,N/A,N/A,N/A,N/A,45,55,15.44,908,3.25,2016
1611-10,Bench,Tight Seat,53-1/2,18-1/2,26-1/2,26-1/2,19-1/2,N/A,41,60,65,25.61,1100,4.25,2016
1619-20,"Cocktail, Ottoman",Tight Seat,18-1/2,18-1/2,19-1/2,N/A,N/A,N/A,N/A,25,30,9.51,807,2.75,2016
1620-10,Bench,Tufted Seat,47,19,20-1/2,N/A,N/A,N/A,N/A,45,50,15.44,899,3.25,2016
1623-10,Bench,Tight Seat,47,19,20-1/2,N/A,N/A,N/A,N/A,45,50,15.44,850,2.50,2016
1626-10,Bench,"Semi-Attached Seat, Metal Base",40-1/2,23,21,N/A,N/A,N/A,N/A,45,55,18.55,1202,2.75,2016
1627-10,Bench,"Semi-Attached Seat, Metal Base",40-1/2,23,21,N/A,N/A,N/A,N/A,45,55,26.76,1248,2.75,2016
1630-10,Bench,Tufted Seat,47,19,20-1/2,N/A,N/A,N/A,N/A,40,45,15.44,899,3.25,2016
1633-10,Bench,Tight Seat,47,19,20-1/2,N/A,N/A,N/A,N/A,40,45,15.44,850,2.50,2016
1634-10,Bench,Tight Seat,53,17,23,23,21,17,47,45,50,21.34,905,2.50,2016
1637-20,"Cocktail, Ottoman",Tufted Seat,42-1/2,31,19,N/A,N/A,N/A,N/A,65,75,35.21,1085,6.00,2016
1640-10,Bench,Tufted Seat,46-1/2,17-1/2,20,N/A,N/A,N/A,N/A,30,35,15.44,819,3.25,2016
1642-25,Chaise,"Loose Back, Loose Seat",31,59,37,23-1/2,20-1/2,41-1/2,22-1/2,75,85,55.15,1960,11.25,2016
1643-10,Bench,Tight Seat,46-1/2,17-1/2,20,N/A,N/A,N/A,N/A,40,45,15.44,746,2.50,2016
1644-10,Bench,Tight Seat,30,15-1/2,19-1/2,N/A,N/A,N/A,N/A,30,35,9.51,697,1.75,2016
1647-20,"Cocktail, Ottoman",Tufted Seat,42-1/2,31,19,N/A,N/A,N/A,N/A,65,75,35.21,1085,6.00,2016
1651-20,"Cocktail , Ottoman",Tufted Seat,35,35,20,N/A,N/A,N/A,N/A,45,50,20.88,1107,3.25,2016
1652-20,"Bunching, Ottoman",Tight Seat,19,19,20,N/A,N/A,N/A,N/A,30,35,9.51,556,3.00,2016
1652-22,"Storage, Ottoman",Tight Seat,19,19,20,N/A,N/A,N/A,N/A,30,35,9.51,648,3.00,2016
1653-22,"Skirted Storage, Ottoman",Tight Seat,19,19,20,N/A,N/A,N/A,N/A,30,35,9.51,770,3.75,2016
1654-20,"Cocktail, Ottoman","Tight Seat, (Without Tray)",52,38,19,N/A,N/A,N/A,N/A,100,110,35.21,1376,4.75,2016
1657-20,"Cocktail , Ottoman",Tight Seat,35,35,19-1/2,N/A,N/A,N/A,N/A,45,50,20.88,1076,3.25,2016
1659-20,"Cocktail , Ottoman",Tight Seat,35,35,19-1/2,N/A,N/A,N/A,N/A,45,50,20.88,1031,4.00,2016
1660-20,"Cocktail , Ottoman",Tufted Seat,34-1/2,34-1/2,19-1/2,N/A,N/A,N/A,N/A,40,45,16.96,1162,5.75,2016
1663-22,"Storage, Ottoman",Tufted Seat,58-1/2,25,23-1/2,N/A,N/A,N/A,N/A,100,110,26.76,1562,12.50,2016
1668-20,Ottoman,Tight Seat,28,22,20,N/A,N/A,N/A,N/A,30,35,9.51,789,2.00,2016
1670-10,Bench,Tight Seat,59,19-1/2,21-1/2,N/A,N/A,N/A,N/A,65,75,21.34,1122,3.00,2016
1672-22,"Storage, Ottoman",Tight Seat,19,19,21,N/A,N/A,N/A,N/A,30,35,9.51,672,3.25,2016
1673-22,"Storage, Ottoman",Tight Seat,19,19,21,N/A,N/A,N/A,N/A,30,35,9.51,795,4.00,2016
1676-20,"Cocktail, Ottoman",Tufted Seat,36-1/2,36-1/2,19,N/A,N/A,N/A,N/A,40,50,20.88,1012,4.25,2016
1685-10,Bench,"Tight Back, Loose Seat",55,23,25,25,22,18-1/2,46,60,75,26.76,1510,7.25,2016
1696-20,"Cocktail, Ottoman",Tufted Seat,36-1/2,36-1/2,19,N/A,N/A,N/A,N/A,45,50,20.88,1012,4.25,2016
1700-10,Bench,Tight Seat,54,19-1/2,24-1/2,24-1/2,17-1/2,N/A,42,45,55,21.34,966,4.00,2016
1701-10,Bench,"Tight Back, Tight Seat",51,20,32,27,19-1/2,17,46,65,75,29.88,1379,4.25,2016
1704-10,Bench,Tight Seat,47-1/2,19,27-1/2,27-1/2,20,N/A,36,40,50,25.61,954,3.25,2016
1724-10,Bench,Tight Seat,60,19,28-1/2,28-1/2,22,N/A,48-1/2,50,60,25.61,1046,4.00,2016
1750-10,Bench,Tight Seat,58-1/2,19,26,25-1/2,19,N/A,44-1/2,40,50,25.61,1107,3.25,2016
1765-10,Bench,Tight Seat,55,19,27,27,19,N/A,44,40,50,25.61,985,3.75,2016
1766-10,Bench,"Tight Back, Tight Seat",51,20,32,26-1/2,19-1/2,19-1/2,44,65,75,29.88,1180,4.75,2016
1814-01,Lounge Chair,"Tight Back, Tight Seat",33,31-1/2,36,27-1/2,20,21,22,55,65,25.55,1418,7.50,2016
1814-40,Settee,"Tight Back, Tight Seat",53,31-1/2,36,27-1/2,20,21,42,75,85,47.49,1859,9.25,2016
1827-01,Lounge Chair,"Loose Back, Loose Seat",33-1/2,35-1/2,38,26-1/2,20,21,22-1/2,65,75,25.55,1626,9.75,2016
1830-50,Sofa,"Tufted Back, Tufted Seat",85,33-1/2,36,30,17-1/2,21,69,105,115,78.82,2979,14.00,2016
1830-70,Loveseat,"Tufted Back, Tufted Seat",60-1/2,33-1/2,36,30,17-1/2,21,45,80,90,55.58,2725,11.75,2016
1833-50,Sofa,"Tight Back, Bench Seat",82,33-1/2,36,30,20-1/2,21-1/2,69,105,115,78.82,2419,12.50,2016
1833-55,Short Sofa,"Tight Back, Bench Seat",72,33-1/2,36,30,20-1/2,21-1/2,59-1/2,95,105,68.15,2266,11.25,2016
1833-70,Loveseat,"Tight Back, Bench Seat",58,33-1/2,36,30,20-1/2,21-1/2,45,80,90,55.88,2162,10.25,2016
1836-50,Sofa,"Tight Back, Loose Seat",82,33-1/2,36,30,20-1/2,21-1/2,69,105,115,78.82,2520,13.50,2016
1836-55,Short Sofa,"Tight Back, Loose Seat",72,33-1/2,36,30,20-1/2,21-1/2,59-1/2,95,105,68.15,2419,13.00,2016
1836-70,Loveseat,"Tight Back, Loose Seat",58,33-1/2,36,30,20-1/2,21-1/2,45,80,90,55.88,2266,10.50,2016
1839-01,Lounge Chair,"Tight Back, Tight Seat",33,31,33,28,19,21,19-1/2,45,55,25.55,1330,5.75,2016
1839-40,Settee,"Tight Back, Tight Seat",61,31,33,28,19,21,47-1/2,70,80,55.88,1694,7.25,2016
1870-50,Sofa,"Tight Back, Tight Seat",72,37,37-1/2,28,19,23-1/2,56,105,115,68.14,2397,14.50,2016
2601-01,Lounge Chair,"Tight Back, Loose Seat",28-1/2,35,37,18-1/2,19-1/2,19,23,60,70,25.55,1550,8.25,2016
2601-25,Chaise,"Tight Back, Loose Seat",28-1/2,64,40,20,21,48,23,105,115,55.88,2174,12.75,2016
2604-26,RAF Chaise,"Tight Back , Loose Seat",33,62,37-1/2,26,21-1/2,53,26,80,90,55.88,2128,11.25,2016
2604-27,LAF Chaise,"Tight Back , Loose Seat",33,62,37-1/2,26,21-1/2,53,26,90,100,55.88,2128,11.25,2016
2608-27,Chaise,"Tight Seat, Tight Back",32-1/2,77,34-1/2,37,20,61,27,120,135,68.15,2214,14.75,2016
2609-27,Chaise,"Tight Seat, Tight Back",32-1/2,77,34-1/2,37,20,61,27,130,145,68.15,2190,13.00,2016
2710-01,Lounge Chair,"Tight Back, Loose Seat",34,34,36-1/2,24,21-1/2,22,22,70,80,25.52,1553,8.50,2016
2710-50,Sofa,"Tight Back, Loose Seat",75-1/2,35,37-1/2,25-1/2,21,20-1/2,64-1/2,130,145,68.15,2550,15.50,2016
2711-50,Sofa,"Loose Back, Loose Seat",85-1/2,38-1/2,37-1/2,26,19,22,75,140,155,79.34,3368,26.00,2016
2714-26,"RAF, Chaise","Loose Back, Loose Seat",37,63,37,27,21-1/2,48-1/2,32,115,125,60.41,2367,14.00,2016
2714-27,"LAF, Chaise","Loose Back, Loose Seat",37,63,37,27,21-1/2,48-1/2,32,115,125,60.41,2367,14.00,2016
2714-29,Corner Chair,"Loose Back, Loose Seat",36-1/2,36-1/2,37,N/A,21-1/2,21,N/A,55,65,25.55,1779,10.50,2016
2714-50,Sofa,"Loose Back, Loose Seat",74,36-1/2,37,27,21-1/2,21,66,135,150,68.15,2773,18.00,2016
2714-51,"RAF, Sofa","Loose Back, Loose Seat",70-1/2,36-1/2,37,27,21-1/2,21,66-1/2,125,140,68.15,2697,17.00,2016
2714-52,"LAF, Sofa","Loose Back, Loose Seat",70-1/2,36-1/2,37,27,21-1/2,21,66-1/2,125,140,68.15,2697,17.00,2016
2714-78,"Armless, Chair","Loose Back, Loose Seat",26,36-1/2,37,N/A,21-1/2,21,N/A,100,110,55.88,1427,9.50,2016
2714-LA,"LAF Angle, Loveseat","Loose Back, Loose Seat",67,53,37,27,21-1/2,21,62-1/2,100,110,55.88,2697,17.75,2016
2714-RA,"RAF Angle, Loveseat","Loose Back, Loose Seat",67,53,37,27,21-1/2,21,62-1/2,100,110,55.88,2697,17.75,2016
2716-50,Sofa,"Loose Back, Loose Seat",81-1/2,37,35-1/2,25,19-1/2,20,66,150,175,79.34,2862,19.00,2016
2726-50,Sofa,"Loose Back, Loose Seat",87-1/2,40,41,27,22,21-1/2,79,185,200,99.18,3022,26.75,2016
2727-50,Sofa,"Loose Back, Loose Seat",93,40,41,27,22,21-1/2,83-1/2,,,91.92,3252,28.00,2016
2729-01,Lounge Chair,"Tight Back, Loose Seat",30,35,37-1/2,25-1/2,21,21,21,55,65,25.55,1764,9.25,2016
2729-31,"Swivel, Chair","Tight Back, Loose Seat",30,35,37-1/2,25-1/2,21,21,21,55,65,25.55,1871,9.25,2016
2729-32,"Swivel, Glider","Tight Back, Loose Seat",30,35,37-1/2,25-1/2,21,21,21,55,65,25.55,2054,9.25,2016
2729-50,Sofa,"Tight Back, Loose Seat",73,35,37-1/2,25-1/2,21,21,64,110,125,69.04,2673,16.75,2016
2734-50,Sofa,"Loose Back, Loose Seat",86-1/2,42-1/2,38,27-1/2,21-1/2,21,71-1/2,150,165,79.34,3051,22.25,2016
2734-70,Loveseat,"Loose Back, Loose Seat",63,42-1/2,38,27-1/2,21-1/2,21,48,90,100,60.41,2862,17.75,2016
2736-50,Sofa,"Loose Back, Loose Seat",87-1/2,40,39-1/2,24-1/2,21,21,81,160,170,95.55,3610,23.75,2016
2736-70,Loveseat,"Loose Back, Loose Seat",62-1/2,40,39-1/2,24-1/2,21,21,56,90,100,60.41,2797,18.25,2016
2738-50,Sofa,"Loose Back, Loose Seat",88-1/2,40,38-1/2,27-1/2,22,21,72,150,165,91.92,3304,25.75,2016
2738-70,Loveseat,"Loose Back, Loose Seat",65-1/2,40,38-1/2,27-1/2,22,21,49,150,165,66.76,2721,20.25,2016
2739-50,Sofa,"Semi-Attached Back, Loose Seat",88-1/2,40,38-1/2,27-1/2,22,21,72,180,195,91.92,3457,25.25,2016
2739-70,Loveseat,"Semi-Attached Back, Loose Seat",65-1/2,40,38-1/2,27-1/2,22,21,49,150,165,66.76,3103,19.25,2016
2742-01,Lounge Chair,"Tight Back, Loose Seat",34-1/2,34-1/2,36-1/2,25,18-1/2,20,21-1/2,65,75,25.55,1504,8.00,2016
2742-50,Sofa,"Tight Back, Loose Seat",83-1/2,34-1/2,36-1/2,25,18-1/2,20,70-1/2,125,140,79.34,2596,15.00,2016
2742-70,Loveseat,"Tight Back, Loose Seat",60,34-1/2,36-1/2,25,18-1/2,20,47,90,100,57.35,2297,12.50,2016
2746-50,Sofa,"Loose Back, Loose Seat",87-1/2,40,41,27,22,21-1/2,79,165,180,91.92,2974,22.50,2016
2747-50,Sofa,"Loose Back, Loose Seat",93,40,41,27,22,21-1/2,83-1/2,150,180,91.92,3075,24.50,2016
2754-50,Sofa,"Loose Back, Loose Seat",79,39,34,27,21,21,69,150,165,79.34,2709,19.25,2016
2755-50,Sofa,"Loose Back, Loose Seat",79,39,34,27,21,20,69,150,165,79.34,2709,20.25,2016
2756-01,Lounge Chair,"Tight Back, Loose Seat",32,33,41,26-1/2,19-1/2,20,21-1/2,65,80,27.93,1595,9.25,2016
2756-20,Ottoman,Semi-Attached Seat,24,21,19-1/2,N/A,N/A,N/A,N/A,25,30,9.51,728,3.75,2016
2758-01,Lounge Chair,"Loose Seat, Loose Back",33,43,37-1/2,25-1/2,21,18,22,85,95,33.48,1929,11.75,2016
2758-50,Sofa,"Loose Seat, Loose Back",88,45,37-1/2,25-1/2,21,18,65,135,160,79.34,3457,23.25,2016
2760-50,Sofa,"Tight Back, Loose Seat",84,35-1/2,38-1/2,24-1/2,20-1/2,21,68-1/2,145,160,80.39,2926,16.75,2016
2761-70,Loveseat,"Tight Back, Loose Seat",61,35-1/2,38-1/2,24-1/2,20-1/2,21,45-1/2,100,115,56.25,2596,13.50,2016
2765-50,Sofa,"Tufted Back, Loose Seat",92,41,36,36,21-1/2,26,69,165,180,91.92,3916,25.25,2016
2766-50,Sofa,"Tight Back, Loose Seat",94,38,31,31,21,23-1/2,71-1/2,160,175,91.92,3794,23.50,2016
2766-70,Loveseat,"Tight Back, Loose Seat",78,38,31,31,21,23-1/2,52,125,140,72.57,3488,19.50,2016
2770-50,Sofa,"Tight Back, Tight Seat",72,30-1/2,38,25-1/2,19,19,60,105,120,69.04,2367,14.00,2016
2772-50,Sofa,"Loose Back, Loose Seat",73,39,36-1/2,24,20-1/2,22,66,145,160,68.97,2862,19.00,2016
2774-50,Sofa,"Tight Back, Tight Seat",72,30-1/2,38,25-1/2,19,19,60,105,115,69.04,2113,12.50,2016
2777-50,Sofa,"Loose Back, Loose Seat",89,43,35-1/2,24-1/2,20-1/2,18-1/2,79-1/2,160,175,91.92,3457,26.00,2016
2779-01,Lounge Chair,"Loose Back, Loose Seat",28-1/2,41-1/2,43-1/2,25-1/2,22,21-1/2,21-1/2,90,100,35.14,1853,11.50,2016
2779-20,Ottoman,Semi-Attached Seat,25,19,20,N/A,N/A,N/A,N/A,25,30,9.51,728,2.75,2016
2779-50,Sofa,"Loose Back, Loose Seat",84-1/2,41-1/2,43-1/2,25-1/2,22,21-1/2,77-1/2,155,170,106.44,3051,22.75,2016
2784-50,Sofa,"Semi-Attached Back, Loose Seat",74,36-1/2,37,27,21-1/2,21,66,135,150,68.15,2862,18.00,2016
2786-01,Lounge Chair,"Semi-Attached Back, Loose Seat",29-1/2,35-1/2,35-1/2,22,20,21-1/2,25,60,70,25.52,1657,8.50,2016
2786-20,Ottoman,Semi-Attached Seat,25-1/2,19-1/2,19,N/A,N/A,N/A,N/A,25,30,9.51,770,3.00,2016
2786-50,Sofa,"Semi-Attached Back, Loose Seat",72,35-1/2,35-1/2,22,20,21-1/2,66,115,125,68.15,3091,17.75,2016
2788-01,Lounge Chair,"Loose Back , Loose Seat",33,37,36-1/2,24-1/2,21-1/2,20,27-1/2,60,70,25.55,1884,10.75,2016
2788-50,Sofa,"Loose Back , Loose Seat",88,37,36-1/2,24-1/2,21-1/2,20,82-1/2,160,175,91.92,3433,21.25,2016
2788-70,Loveseat,"Loose Back , Loose Seat",60-1/2,37,36-1/2,24-1/2,21-1/2,20,55,95,105,60.41,2697,16.00,2016
2789-50,Sofa,"Tufted Back, Loose Seat",89,37,39,25,20-1/2,23,80-1/2,145,155,91.92,3610,20.00,2016
2789-70,Loveseat,"Tufted Back, Loose Seat",62,37,39,25,20-1/2,23,53-1/2,115,130,66.76,3304,16.25,2016
2790-01,Lounge Chair,"Loose Back, Loose Seat",33,35,36,24-1/2,21-1/2,20-1/2,20-1/2,65,75,25.55,1595,9.75,2016
2794-50,Sofa,"Tight Back, Loose Seat",73-1/2,36,35-1/2,25,21,24,63,110,125,69.04,2574,14.75,2016
2798-50,Sofa,"Loose Back, Loose Seat",79-1/2,41,34,31-1/2,20-1/2,21,67-1/2,150,165,91.92,2974,21.50,2016
2798-70,Loveseat,"Loose Back, Loose Seat",67-1/2,41,34,31-1/2,20-1/2,21,55-1/2,130,145,72.57,2797,20.25,2016
2799-50,Sofa,"Loose Back, Loose Seat",79-1/2,41,34,31-1/2,20-1/2,21,67-1/2,150,165,91.92,2974,21.50,2016
3514-01,"Occasional, Chair","Tight Back, Tight Seat",24,25-1/2,36-1/2,27-1/2,20-1/2,19-1/2,21,25,30,16.24,844,2.75,2016
3703-50,Sofa,"Tight Back, Loose Seat",82-1/2,41-1/2,38,25,20,24-1/2,69,105,115,79.34,3333,19.50,2016
3709-50,Sofa,"Semi-Attached Back, Loose Seat",88,37-1/2,38,26-1/2,21,19-1/2,69,185,200,91.92,3357,21.50,2016
3709-70,Loveseat,"Semi-Attached Back, Loose Seat",65,37-1/2,38,26-1/2,21,19-1/2,46,90,100,60.41,2850,17.75,2016
3716-50,Sofa,"Semi-Attached Back, Loose Seat",92,42,40,26,21,19-1/2 to 21,70,185,200,91.92,3610,24.75,2016
3718-50,Sofa,"Loose Back, Loose Seat",87-1/2,36-1/2,36,26,20,21-1/2,67,160,175,78.82,3103,20.00,2016
3719-70,Loveseat,"Loose Back, Loose Seat",64,36-1/2,36,26,20,21-1/2,44-1/2,130,140,55.88,2773,16.00,2016
3720-01,Lounge Chair,"Semi-Attached Back, Loose Seat",41,35-1/2,37-1/2,24-1/2,20-1/2,20,23-1/2,90,100,31.68,1853,12.50,2016
3720-20,Ottoman,Semi-Attached Seat,29-1/2,23-1/2,19,N/A,N/A,N/A,N/A,30,35,13.45,856,5.25,2016
3720-50,Sofa,"Semi-Attached Back, Loose Seat",86,36,38,25,20-1/2,20,68,165,180,78.82,3280,22.50,2016
3720-55,Short Sofa,"Semi-Attached Back, Loose Seat",78,36,38,25,20-1/2,20,60,150,165,69.04,3280,21.25,2016
3720-60,"Queen , Sleeper","Semi-Attached Back, Loose Seat",86,36,38,25,20-1/2,20,68,240,255,78.82,3840,22.75,2016
3720-61,Full Sleeper,"Semi-Attached Back, Loose Seat",78,36,38,25,20-1/2,20,60,235,250,78.82,3840,21.25,2016
3720-70,Loveseat,"Semi-Attached Back, Loose Seat",61,36,38,25,20-1/2,20,45,125,135,55.88,2938,18.75,2016
3722-01,Lounge Chair,"Semi-Attached Back, Loose Seat",41,35-1/2,37-1/2,24-1/2,20-1/2,20,23-1/2,125,135,55.88,1932,10.75,2016
3722-20,Ottoman,Semi-Attached Seat,29-1/2,23-1/2,19,N/A,N/A,N/A,N/A,30,35,13.45,920,4.75,2016
3722-50,Sofa,"Semi-Attached Back, Loose Seat",86,36,38,25,20-1/2,20,68,170,185,79.34,3333,20.25,2016
3722-55,Short Sofa,"Semi-Attached Back, Loose Seat",78,36,38,25,20-1/2,20,60,150,165,69.04,3309,18.25,2016
3722-60,"Queen , Sleeper","Semi-Attached Back, Loose Seat",86,36,38,25,20-1/2,20,68,240,255,78.82,3993,22.00,2016
3722-61,Full Sleeper,"Semi-Attached Back, Loose Seat",78,36,38,25,20-1/2,20,60,235,250,78.82,3933,20.00,2016
3722-70,Loveseat,"Semi-Attached Back, Loose Seat",61,36,38,25,20-1/2,20,45,125,135,55.88,2926,16.25,2016
3724-01,Lounge Chair,"Loose Back , Loose Seat",37,39,35-1/2,25-1/2,20-1/2,20,21-1/2,65,75,31.44,1807,11.25,2016
3724-20,Ottoman,Semi-Attached Seat,29,24,20,N/A,N/A,N/A,N/A,35,40,13.45,825,4.00,2016
3724-50,Sofa,"Loose Back, Loose Seat",84-1/2,40,35,25-1/2,20-1/2,20-1/2,69,140,155,78.82,3072,20.00,2016
3728-50,Sofa,"Loose Back, Loose Seat",87-1/2,36-1/2,36,26,20,21-1/2,67,160,175,78.82,3357,22.25,2016
3729-70,Loveseat,"Loose Back, Loose Seat",64,36-1/2,36,26,20,21-1/2,44-1/2,130,140,55.88,3015,17.75,2016
3732-50,Sofa,"Loose Back, Loose Seat",87-1/2,37,37,32,20-1/2,22,72-1/2,175,190,79.34,3051,22.50,2016
3736-20,Ottoman,Semi-Attached Seat,37,23,21,N/A,N/A,N/A,N/A,35,40,18.55,963,6.00,2016
3736-21,Chair & 1/2,"Loose Back, Loose Seat",48-1/2,43,40-1/2,27-1/2,21-1/2,22,28-1/2,115,130,47.79,2283,16.25,2016
3736-50,Sofa,"Loose Back, Loose Seat",94,43,40-1/2,27-1/2,21-1/2,22,74,195,210,91.92,3827,29.75,2016
3738-20,Ottoman,Semi-Attached Seat,37,23,21,N/A,N/A,N/A,N/A,45,50,18.55,932,5.00,2016
3738-21,Chair & 1/2,"Loose Back, Loose Seat",48-1/2,43,40-1/2,27-1/2,21-1/2,22,28-1/2,115,130,47.79,2229,14.75,2016
3738-50,Sofa,"Loose Back, Loose Seat",94,43,40-1/2,27-1/2,21-1/2,22,74,195,210,91.92,3711,27.75,2016
3743-50,Sofa,"Tight Back, Loose Seat",82-1/2,41-1/2,38,25,20,24-1/2,69,160,170,91.92,3510,22.25,2016
3744-01,Lounge Chair,"Loose Back, Loose Seat",37,39,35-1/2,25-1/2,20-1/2,20,21-1/2,65,75,31.44,1822,10.25,2016
3744-20,Ottoman,Semi-Attached Seat,29,24,20,N/A,N/A,N/A,N/A,15,20,13.45,844,4.00,2016
3746-50,Sofa,"Semi-Attached Back, Loose Seat",86,38-1/2,37,26-1/2,20,20,68,180,195,78.82,3409,19.50,2016
3749-50,Sofa,"Semi-Attached Back, Loose Seat",88,37-1/2,38,26-1/2,21,19-1/2,69,155,170,79.34,3610,24.50,2016
3758-20,"Cocktail, Ottoman",Semi-Attached Seat,50-1/2,29-1/2,21,N/A,N/A,N/A,N/A,65,75,35.21,1315,6.25,2016
3758-57,Corner Sofa,"Semi-Attached Back, Loose Seat",100,47,36,25-1/2,21-1/2,21,74,210,225,119.33,3663,22.00,2016
3762-57,"Corner, Sofa","Tight Back, Loose Seat",101,49-1/2,35,24-1/2,20-1/2,22,70,210,225,119.33,3763,25.75,2016
3763-50,Sofa,"Tight Back, Loose Seat",82-1/2,41-1/2,38,25,20,24-1/2,69,105,115,79.34,3333,19.50,2016
3764-57,Corner Sofa,"Tight Back, Loose Seat",101,49-1/2,35,24-1/2,20-1/2,22,70,195,210,119.33,3663,22.75,2016
3766-20,"Cocktail , Ottoman",Semi-Attached Seat,50-1/2,29-1/2,21,N/A,N/A,N/A,N/A,65,75,35.20,1403,7.50,2016
3766-57,Corner Sofa,"Semi-Attached Back, Loose Seat",100,47,36,25-1/2,21-1/2,21,74,210,225,119.33,3763,24.50,2016
3768-20,"Cocktail, Ottoman",Semi-Attached Seat,50-1/2,29-1/2,21,N/A,N/A,N/A,N/A,65,75,35.21,1315,6.25,2016
3768-57,Corner Sofa,"Semi-Attached Back, Loose Seat",100,47,36,25-1/2,21-1/2,21,74,210,225,119.33,3663,22.25,2016
3769-50,Sofa,"Semi-Attached Back, Loose Seat",88,37-1/2,38,26-1/2,21,19-1/2,69,155,170,79.34,3357,21.50,2016
3769-70,Loveseat,"Semi-Attached Back, Loose Seat",65,37-1/2,38,26-1/2,21,19-1/2,46,95,105,60.41,2850,17.75,2016
3778-20,Ottoman,Semi-Attached Seat,37,23,21,N/A,N/A,N/A,N/A,40,45,18.55,947,5.00,2016
3778-21,Chair & 1/2,"Loose Back, Loose Seat",47,42-1/2,38-1/2,25-1/2,21,19-1/2,30,115,130,47.79,2183,15.00,2016
3778-50,Sofa,"Loose Back, Loose Seat",94,43,39-1/2,27-1/2,21-1/2,22,74,200,215,91.92,3634,28.75,2016
3780-50,Sofa,"Loose Seat, Loose Back",86,42,40,27-1/2,20-1/2,22,69,180,195,91.92,3457,25.25,2016
3784-01,Lounge Chair,"Loose Back, Loose Seat",35-1/2,37,37,26,19-1/2,21,23,90,100,31.68,1776,11.50,2016
3784-20,Ottoman,Semi-Attached Seat,31,23,19-1/2,N/A,N/A,N/A,N/A,35,40,13.45,856,5.25,2016
3788-50,Sofa,"Loose Seat, Loose Back",84,37,37,27,20,20-1/2,64,165,180,79.34,3127,23.25,2016
3788-70,Loveseat,"Loose Seat, Loose Back",62,37,37,27-1/2,20,20-1/2,42,135,145,55.88,2874,19.00,2016
5033-07,Bar Stool,"Tight Back, Tight Seat",19-1/2,21-1/2,43-1/2,N/A,30-1/2,18,N/A,25,30,16.31,856,2.50,2016
5033-C7,Counter Stool,"Tight Back, Tight Seat",19-1/2,21-1/2,37-1/2,N/A,24-1/2,18,N/A,30,35,15.00,856,2.50,2016
5034-06,Bar Stool,"Tight Back, Tight Seat",23,24-1/2,47,36,32,19-1/2,19-1/2,60,65,20.25,1266,2.50,2016
5034-C6,Counter Stool,"Tight Back, Tight Seat",23,24-1/2,42-1/2,32,27-1/2,19-1/2,19-1/2,40,45,18.56,1236,2.50,2016
5035-07,Bar Stool,"Tight Back, Tight Seat",19,20,41-1/2,N/A,29-1/2,18,N/A,30,35,15.25,899,2.50,2016
5035-C7,Counter Stool,"Tight Back, Tight Seat",19,20,37-1/2,N/A,25-1/2,18,N/A,30,35,15.25,899,2.50,2016
5045-07,Bar Stool,"Tight Back, Tight Seat",19-1/2,22-1/2,43-1/2,N/A,29,16-1/2,N/A,40,45,18.56,1049,2.50,2016
5045-C7,Counter Stool,"Tight Back, Tight Seat",19-1/2,22-1/2,41-1/2,N/A,24,16-1/2,N/A,40,45,15.56,1019,2.50,2016
5046-06,Bar Stool,"Tight Back, Tight Seat",25-1/2,24,44,39-1/2,32,18-1/2,19,40,45,18.56,1077,2.75,2016
5062-06,Bar Stool,"Tight Back, Tight Seat",22-1/2,23,45,37,30,16,17,35,40,20.25,911,2.50,2016
5063-07,Bar Stool,"Tight Back, Tight Seat",17-1/2,23,45,N/A,30,16,N/A,30,35,20.25,866,2.50,2016
5064-06,Bar Stool,"Tight Back, Tight Seat",23,24,45,37,30,16,17,30,35,20.25,985,3.00,2016
5065-07,Bar Stool,"Tight Back, Tight Seat",17,24,45,N/A,30,16,N/A,30,35,20.25,927,2.75,2016
5066-06,Bar Stool,"Tight Back, Tight Seat",22-1/2,24,46-1/2,37,30,16,17,30,35,20.25,896,2.50,2016
5067-07,Bar Stool,"Tight Back, Tight Seat",20,24,46-1/2,N/A,30,16,N/A,30,35,20.25,866,2.50,2016
5075-07,Bar Stool,"Tight Back, Tight Seat",20,23,43,N/A,30,16,N/A,35,40,18.56,1061,2.75,2016
5075-C7,"Counter, Stool","Tight Back, Tight Seat",20,23,37,N/A,24,16,N/A,30,35,15.00,1061,2.75,2016
5095-04,"Occasional, Arm Chair","Tight Back, Tight Seat",25,24,39-1/2,25,19,19-1/2,20-1/2,30,35,16.66,835,2.75,2016
5095-05,"Occasional, Side Chair","Tight Back, Tight Seat",22,24,39-1/2,N/A,19,19-1/2,N/A,35,40,15.00,804,2.75,2016
5095-C6,Counter Stool,"Tight Back, Tight Seat",22,21-1/2,38-1/2,29-1/2,24,17-1/2,18,30,35,15.00,988,2.00,2016
5102-01,Wing Chair,"Tight Back, Loose Seat",29,32-1/2,43-1/2,25-1/2,21-1/2,20,22,50,60,22.01,1571,7.50,2016
5103-01,Wing Chair,"Tight Back, Loose Seat",32,36-1/2,44-1/2,25,21,22,24,65,75,28.31,1626,9.25,2016
5112-01,"Occasional, Chair","Tight Back, Tight Seat",30,32-1/2,40,26,19-1/2,23,23-1/2,45,55,21.90,1229,3.00,2016
5118-01,Wing Chair,"Tight Back, Loose Seat",30-1/2,31,44,25,21-1/2,18-1/2,20,50,60,22.01,1315,5.75,2016
5125-01,Wing Chair,"Tight Back, Loose Seat",30-1/2,31,44,25,21-1/2,18-1/2,20,50,60,22.01,1345,5.75,2016
5128-01,Wing Chair,"Tight Back, Tight Seat",33,40-1/2,37,23,18-1/2,22-1/2,26-1/2,65,75,33.75,1633,7.50,2016
5128-20,Ottoman,Tight Seat,26,19-1/2,16-1/2,N/A,N/A,N/A,N/A,25,30,39.51,682,3.00,2016
5129-01,Wing Chair,"Tight Back, Loose Seat",30-1/2,31,44,25,21-1/2,18-1/2,20,50,60,22.01,1315,5.75,2016
5142-01,"Occasional, Chair","Tight Back, Semi-Attached Seat",26,27,38-1/2,24,21,21,23,25,30,21.09,1199,3.75,2016
5145-01,Wing Chair,"Tight Back, Loose Seat",28,35,43-1/2,26,21,22-1/2,21,65,75,27.93,1526,7.25,2016
5145-20,Ottoman,Semi-Attached Seat,24-1/2,19,20,N/A,N/A,N/A,N/A,25,30,9.51,725,3.00,2016
5146-01,Wing Chair,"Tight Back, Loose Seat",28,35,43-1/2,26,21,22-1/2,21,65,75,27.93,1526,7.25,2016
5146-20,Ottoman,Semi-Attached Seat,24-1/2,19,20,N/A,N/A,N/A,N/A,25,30,9.51,725,3.00,2016
5147-01,Wing Chair,"Tight Back, Loose Seat",28,35,43-1/2,26,21,22-1/2,21,65,75,27.93,1556,7.25,2016
5147-20,Ottoman,Semi-Attached Seat,24-1/2,19,20,N/A,N/A,N/A,N/A,25,30,9.51,755,3.00,2016
5148-01,"Occasional, Chair","Tight Back, Tight Seat",25-1/2,28,43,27,19-1/2,20,21-1/2,60,70,20.33,1107,3.00,2016
5155-01,Wing Chair,"Tufted Back, Loose Seat",32-1/2,35,42,24,20-1/2,23,22,65,75,27.93,1755,7.50,2016
5155-20,Ottoman,Semi-Attached Seat,25,19,20,N/A,N/A,N/A,N/A,25,30,9.51,770,3.00,2016
5158-01,Wing Chair,"Tight Back, Tight Seat",29-1/2,33,41-1/2,24-1/2,20,21-1/2,22-1/2,55,65,22.01,1498,5.75,2016
5160-01,"Occasional, Chair","Tight Back, Tight Seat",23-1/2,25-1/2,37,24-1/2,19-1/2,18,19,25,30,16.24,789,2.50,2016
5163-01,"Occasional, Chair","Tight Back, Tight Seat",27,31,42,26,17-1/2,19,21-1/2,35,40,22.01,899,3.75,2016
5168-01,"Occasional, Chair","Tight Back, Tight Seat",25-1/2,28,43,27,19-1/2,20,21-1/2,60,65,22.01,1138,3.00,2016
5168-35,"Executive, Swivel","Tight Back, Tight Seat",27,29,40-1/2 to 43-1/2,24-1/2 to 27-1/2,17 to 20,19,20,60,65,22.01,1444,3.00,2016
5169-01,"Occasional, Chair","Tufted Back, Tufted Seat",25-1/2,28,43,27,19-1/2,20,21-1/2,60,65,22.01,1379,4.25,2016
5169-35,"Executive, Swivel","Tufted Back, Tufted Seat",27,29,40-1/2 to 43-1/2,24-1/2 to 27-1/2,17 to 20,19,20,60,65,22.01,1685,4.25,2016
5170-01,"Occasional , Chair","Tight Back, Tight Seat",30-1/2,32,41-1/2,26-1/2,19,21,21-1/2,40,45,22.01,1058,4.25,2016
5172-01,Wing Chair,"Tight Back, Loose Seat",29-1/2,33-1/2,43,23-1/2,22-1/2,24-1/2,22,40,50,20.33,1682,6.00,2016
5173-01,"Occasional , Chair","Tight Back, Tight Seat",27,33-1/2,42-1/2,26-1/2,19,19,21-1/2,30,35,22.01,893,3.75,2016
5177-31,Swivel Chair,"Tight Back , Loose Seat",30,29-1/2,37-1/2,21,21,21-1/2,25,40,50,20.33,1679,7.00,2016
5183-01,Wing Chair,"Loose Pillow Back, Loose Seat",34,35,38-1/2,21-1/2,21-1/2,18,28,65,75,27.93,1832,7.25,2016
5184-01,Wing Chair,"Tight Back, Loose Seat",31,37-1/2,50,25,20,18,24,65,75,27.89,1700,10.75,2016
5187-01,Wing Chair,"Tight Back, Loose Seat",28-1/2,37,44,25-1/2,21-1/2,22,21,70,80,27.93,1550,8.50,2016
5187-20,Ottoman,Semi-Attached Seat,25,19,20,N/A,N/A,N/A,N/A,25,30,9.51,755,3.00,2016
5191-01,Wing Chair,"Loose Back, Loose Seat",31-1/2,39,37-1/2,22-1/2,20,21,24,65,75,27.89,1884,10.75,2016
5191-31,"Swivel, Chair","Loose Back, Loose Seat",31-1/2,39,37-1/2,22-1/2,20,21,24,90,100,33.75,1991,10.75,2016
5191-32,"Swivel , Glider","Loose Back, Loose Seat",31-1/2,39,37-1/2,22-1/2,20,21,24,110,120,33.92,2174,10.75,2016
5192-01,Wing Chair,"Tight Back, Loose Seat",32-1/2,33-1/2,44-1/2,22-1/2,22,17-1/2,26,45,50,20.33,2113,10.50,2016
5197-01,Wing Chair,"Tight Back, Loose Seat",31-1/2,34,42,25,21,16 **,25-1/2,65,75,27.93,1779,8.00,2016
5198-01,"Occasional , Chair","Tight Back, Tight Seat",23-1/2,26-1/2,35,25-1/2,17-1/2,19,18,35,40,14.98,856,2.75,2016
5198-A2,"Occasional , Chair","Tight Back, Tight Seat",23-1/2,26-1/2,35,25-1/2,17-1/2,19,18,35,40,14.98,893,2.75,2016
5198-A4,"Occasional, Chair","Tight Back, Tight Seat",23-1/2,26-1/2,35,25-1/2,17-1/2,19,18,,,,930,2.75,2016
5199-01,"Occasional , Chair","Tight Back, Tight Seat",23-1/2,26-1/2,35,25-1/2,17-1/2,19,18,35,40,14.98,887,2.75,2016
5199-A2,"Occasional, Chair","Tight Back, Tight Seat",23-1/2,26-1/2,35,25-1/2,17-1/2,19,18,35,40,14.98,923,2.75,2016
5199-A4,"Occasional, Chair","Tight Back, Tight Seat",23-1/2,26-1/2,35,25-1/2,17-1/2,19,18,35,40,14.98,960,2.75,2016
5200-01,"Occasional , Chair","Tufted Back, Tufted Seat",23-1/2,26-1/2,35,25-1/2,19,18,18,35,40,14.98,1248,4.00,2016
5200-A4,"Occasional , Chair","Tufted Back, Tufted Seat",23-1/2,26-1/2,35,25-1/2,19,18,18,,,,1321,4.00,2016
5204-01,"Occasional, Chair","Tight Back, Tight Seat",28,29-1/2,35,24-1/2,20,21,21,35,40,19.01,1119,4.00,2016
5206-01,Lounge Chair,"Tight Back, Tight Seat",31,32,39,27,19-1/2,20-1/2,20-1/2,40,50,20.33,1406,5.75,2016
5209-01,Wing Chair,"Loose Back, Loose Seat",30,37,38-1/2,23-1/2,20,21,19-1/2,50,55,25.55,1595,9.75,2016
5213-01,"Occasional , Chair","Tight Back, Semi-Attached Seat",25-1/2,26,38-1/2,24,19,21,22,30,35,21.09,1138,3.25,2016
5215-01,"Occasional , Chair","Tight Back, Tight Seat",25-1/2,26,38-1/2,24,17-1/2,21,22,25,30,21.09,1064,2.50,2016
5216-01,Lounge Chair,"Tufted Back, Loose Seat",32,34-1/2,43,23,21-1/2,23-1/2,24,55,65,27.51,1886,8.25,2016
5217-01,Lounge Chair,"Loose Back, Loose Seat",35,38-1/2,42,24,21,18,29,55,65,27.89,1807,10.75,2016
5217-20,Ottoman,Semi-Attached Seat,35,26,20,N/A,N/A,N/A,N/A,30,35,16.96,1027,5.00,2016
5218-04,"Occasional, Arm Chair","Tight Back, Tight Seat",22-1/2,25,38-1/2,25-1/2,19-1/2,19-1/2,20,25,30,16.24,881,2.75,2016
5218-05,"Occasional, Side Chair","Tight Back, Tight Seat",22,24-1/2,38-1/2,N/A,19-1/2,19-1/2,N/A,30,35,15.00,850,2.75,2016
5223-01,"Lounge , Chair","Tight Back, Loose Seat",28-1/2,30-1/2,36,24,19-1/2,17-1/2,21,65,75,27.89,1437,6.25,2016
5226-01,"Occasional, Chair","Tight Back, Loose Seat",32,35,39,25-1/2,20-1/2,17-1/2,26,65,75,25.55,1595,9.00,2016
5226-20,Ottoman,Semi-Attached Seat,32-1/2,20-1/2,17-1/2,N/A,N/A,N/A,N/A,30,35,12.51,935,4.25,2016
5229-01,"Occasional , Chair","Tight Back, Tight Seat",25-1/2,26-1/2,39-1/2,24-1/2,19-1/2,18-1/2,21,35,40,21.09,1199,3.00,2016
5230-01,"Occasional , Chair","Tight Back, Tight Seat",24-1/2,26,36,26-1/2,20,18-1/2,21,35,40,16.24,1260,3.00,2016
5239-11,Stack Chair,"Tight Back, Tight Seat",27,25,37,26,21,18,21-1/2,30,35,16.24,985,3.75,2016
5255-01,"Occasional , Chair","Tight Back, Tight Seat",32,31,39,26,19-1/2,19,18,35,45,21.69,1223,5.00,2016
5267-01,Lounge Chair,"Loose Back, Loose Seat",34,41,37-1/2,22-1/2,21,24,27,45,55,33.48,1786,8.00,2016
5282-04,"Occasional, Arm Chair",Tight Seat,26-1/2,23,41,27,20,19,21,25,30,21.35,991,1.50,2016
5283-05,"Occasional, Side Chair",Tight Seat,20-1/2,21,41,N/A,20,17,N/A,20,25,15.56,961,1.50,2016
5292-04,"Occasional, Arm Chair",Tight Seat,26-1/2,21-1/2,41,27,20,19,21,25,30,21.35,1022,1.50,2016
5293-05,"Occasional, Side Chair",Tight Seat,21,21,41,N/A,20-1/2,17-1/2,N/A,20,25,15.38,991,1.50,2016
5305-01,"Occasional , Chair","Tight Back, Tight Seat",27,33,42,26-1/2,19,19,20-1/2,35,45,22.01,954,4.00,2016
5309-01,Wing Chair,"Tight Back, Loose Seat",38-1/2,35,46,27-1/2,22-1/2,20,22-1/2,65,75,35.14,1657,9.75,2016
5315-01,"Occasional , Chair","Tight Back, Loose Seat",29-1/2,31,41,25-1/2,22,23-1/2,25,35,45,22.01,1364,4.25,2016
5322-01,"Occasional , Chair","Tight Back, Tight Seat",28-1/2,28,32,32,20-1/2,20,24,50,60,19.01,1349,5.00,2016
5324-01,"Occasional , Chair","Tight Back, Tight Seat",25,27,39-1/2,27-1/2,21,20-1/2,21,30,35,15.11,1052,2.50,2016
5327-01,Lounge Chair,"Loose Back, Loose Seat",29-1/2,32,36,23,20-1/2,20,24-1/2,40,50,20.33,1468,6.00,2016
5327-20,Ottoman,Semi-Attached Seat,29,21,19,N/A,N/A,N/A,N/A,20,25,9.40,893,4.00,2016
5352-01,Wing Chair,"Tight Back, Loose Seat",35,34-1/2,49,27,21-1/2,21,20-1/2,65,75,30.23,1694,8.25,2016
5354-04,"Occasional , Chair","Tight Back, Tight Seat",23-1/2,27,36,25-1/2,19-1/2,19-1/2,19-1/2,35,40,16.24,869,2.50,2016
5356-01,Wing Chair,"Tight Back, Loose Seat",34,35,40-1/2,24-1/2,21,20,24,65,75,27.93,1764,10.50,2016
5356-20,Ottoman,Semi-Attached Seat,30,20-1/2,17-1/2,N/A,N/A,N/A,N/A,25,30,9.51,733,4.00,2016
5357-01,"Occasional , Chair","Tight Back, Tight Seat",25,27,36-1/2,26-1/2,19-1/2,20,21,35,40,21.09,905,2.75,2016
5361-01,"Occasional , Chair","Tight Back, Tight Seat",29-1/2,34-1/2,44,26-1/2,20,21-1/2,23,60,70,27.93,1565,8.25,2016
5366-01,Wing Chair,"Tight Back, Loose Seat",34,35,40-1/2,24-1/2,21,20,24,65,75,27.93,1703,10.50,2016
5366-20,Ottoman,Semi-Attached Seat,30,20-1/2,21,N/A,N/A,N/A,N/A,25,30,9.51,715,4.00,2016
5374-01,"Occasional , Chair","Tight Back, Tight Seat",24-1/2,26-1/2,35,26,20,20,19-1/2,30,35,14.98,899,2.50,2016
5381-01,"Occasional , Chair","Tight Back, Tight Seat",29,30-1/2,42-1/2,28,20-1/2,21-1/2,19,45,55,22.01,1253,6.00,2016
5382-01,"Occasional , Chair","Tight Back, Tight Seat",30,30-1/2,42-1/2,28,20-1/2,21-1/2,20,40,50,22.01,1223,6.00,2016
5389-01,Lounge Chair,"Tight Back, Loose Seat",30,34,37,26-1/2,20-1/2,22,22-1/2,65,75,25.55,1602,9.00,2016
5392-01,Wing Chair,"Tight Back, Loose Seat",32-1/2,32-1/2,41,24,22,23-1/2,25,50,60,27.89,1816,6.25,2016
5394-01,"Occasional , Chair","Tight Back, Tight Seat",25-1/2,30,40-1/2,26,20,20,20-1/2,30,40,21.09,1156,3.25,2016
5400-01,"Occasional, Chair","Tight Back, Tight Seat",28,28,40-1/2,28-1/2,20-1/2,20,23-1/2,35,45,20.33,1015,3.25,2016
5406-05,"Occasional, Side Chair","Tight Back, Tight Seat",21,25-1/2,42-1/2,N/A,19,18-1/2,N/A,35,40,15.11,1003,3.00,2016
5408-04,"Occasional, Arm Chair","Tight Back, Tight Seat",23-1/2,27-1/2,40-1/2,26-1/2,19,19,19,30,35,15.11,819,3.75,2016
5408-05,"Occasional, Side Chair","Tight Back, Tight Seat",23-1/2,26-1/2,40-1/2,N/A,19,19,N/A,20,25,15.11,789,3.75,2016
5409-04,"Occasional, Arm Chair","Tight Back, Tight Seat",25-1/2,26,48,28,20-1/2,19,20-1/2,40,50,23.09,1180,4.00,2016
5409-05,"Occasional, Side Chair","Tight Back, Tight Seat",23,25-1/2,48,N/A,20-1/2,18-1/2,N/A,35,40,15.67,1134,3.75,2016
5410-01,"Occasional , Chair","Tight Back, Tight Seat",25,27,37-1/2,26-1/2,20-1/2,20,18,30,35,16.24,856,2.75,2016
5410-A2,"Occasional , Chair","Tight Back, Tight Seat",25,27,37-1/2,26-1/2,20-1/2,20,18,30,35,15.40,893,2.75,2016
5410-A4,"Occasional, Chair","Tight Back, Tight Seat",25,27,37-1/2,26-1/2,20-1/2,20,18,35,40,21.09,930,2.75,2016
5412-01,"Occasional , Chair","Tight Back, Tight Seat",26,26-1/2,37-1/2,24,19-1/2,21,23,25,40,21.09,1156,3.25,2016
5413-01,"Occasional , Chair","Tufted Back, Tight Seat",32,36-1/2,50,23,19,24,24,60,70,31.05,1510,7.50,2016
5414-04,"Occasional, Arm Chair","Tight Back, Tight Seat",24,23,37-1/2,24,20,18-1/2,21,30,35,15.00,972,2.50,2016
5414-05,"Occasional, Side Chair","Tight Back, Tight Seat",23,23,37-1/2,N/A,20,18-1/2,N/A,25,30,15.00,942,2.50,2016
5415-01,Lounge Chair,"Tight Back, Tight Seat",30-1/2,33,44-1/2,26-1/2,20,22,23-1/2,60,70,31.05,1590,6.00,2016
5416-01,"Occasional , Chair","Tight Back, Tight Seat",31,29,46,27,21,22-1/2,22-1/2,45,55,23.38,1131,3.25,2016
5417-01,"Occasional , Chair","Tufted Back, Tight Seat",24-1/2,27,37-1/2,26,20,19,17-1/2,30,35,16.24,1009,3.00,2016
5417-A2,"Occasional , Chair","Tufted Back, Tight Seat",24-1/2,27,37-1/2,26,20,19,17-1/2,30,35,16.24,1046,3.00,2016
5417-A4,"Occasional, Chair","Tufted Back, Tight Seat",24-1/2,27,37-1/2,26,20,19,17-1/2,35,40,21.09,1083,3.00,2016
5422-01,"Occasional , Chair","Tight Back, Loose Seat",27-1/2,28-1/2,40,27-1/2,22-1/2,20-1/2,24,45,55,21.09,1168,3.25,2016
5423-04,"Occasional, Arm Chair","Tight Back, Tight Seat",25-1/2,25,38-1/2,26-1/2,20,19-1/2,21,30,35,16.24,1049,2.50,2016
5423-05,"Occasional, Side Chair","Tight Back, Tight Seat",22-1/2,24,38-1/2,N/A,20,19,N/A,20,25,15.00,1003,2.50,2016
5424-04,"Occasional , Arm Chair","Tight Back, Tight Seat",24,23,37-1/2,24,20,18-1/2,21,25,30,15.00,997,2.50,2016
5425-01,"Occasional, Chair","Tight Back, Tight Seat",30,32,37,24,18-1/2,22-1/2,24-1/2,35,45,20.33,2037,3.00,2016
5426-01,Lounge Chair,"Tight Seat, Tight Back",30-1/2,29,41,26,19-1/2,21,21,40,50,22.01,1315,5.75,2016
5427-01,"Occasional, Chair","Tight Back, Tight Seat",23-1/2,25-1/2,39,25,20-1/2,20-1/2,19,35,40,21.09,973,2.75,2016
5428-04,"Occasional, Arm Chair","Tight Back, Tight Seat",25,25-1/2,42-1/2,25-1/2,18,19-1/2,18-1/2,35,40,15.11,1046,2.50,2016
5428-05,"Occasional, Side Chair","Tight Back, Tight Seat",21,25-1/2,42-1/2,N/A,18,19-1/2,N/A,35,40,15.11,1015,2.50,2016
5432-04,"Occasional, Arm Chair","Tight Back, Tight Seat",23,24,37-1/2,24-1/2,19-1/2,19,18-1/2,30,35,16.24,801,2.50,2016
5432-05,"Occasional, Side Chair","Tight Back, Tight Seat",20,23,37-1/2,N/A,18-1/2,18,N/A,25,30,15.00,771,2.50,2016
5432-A4,"Occasional, Arm Chair","Tight Back, Tight Seat",23,24,37-1/2,24-1/2,19-1/2,19,18-1/2,30,35,16.24,875,2.50,2016
5434-04,"Occasional , Arm Chair","Tight Seat, Tight Back",24,27,38,25-1/2,19,20,20-1/2,30,35,16.24,820,2.50,2016
5434-05,"Occasional, Side Chair","Tight Seat, Tight Back",21-1/2,25,38-1/2,N/A,19,17,N/A,30,35,16.24,789,2.50,2016
5434-A4,"Occasional , Arm Chair","Tight Seat, Tight Back",24,27,38,25-1/2,19,20,20-1/2,35,40,21.09,893,2.50,2016
5436-04,"Occasional , Arm Chair","Tight Back, Tight Seat",30,28,39-1/2,24-1/2,21,20,21,35,40,21.09,1303,4.25,2016
5436-05,"Occasional, Side Chair","Tight Back, Tight Seat",25-1/2,28,39-1/2,N/A,21,20-1/2,N/A,35,40,16.24,1272,4.25,2016
5436-07,Bar Stool,"Tight Back, Tight Seat",22-1/2,24,48,N/A,31,18,21,40,45,18.56,1303,3.75,2016
5436-A2,"Occasional , Arm Chair","Tight Back, Tight Seat",30,28,39-1/2,24-1/2,21,20,21,35,40,21.09,1339,4.25,2016
5436-C7,Counter Stool,"Tight Back, Tight Seat",22-1/2,24,44,N/A,27,18,21,40,45,18.56,1303,3.75,2016
5439-01,"Occasional , Chair","Tight Back/Buttons, Tight Seat",32-1/2,31,41-1/2,25-1/2,19,20-1/2,21,55,65,22.01,1330,6.50,2016
5441-01,"Occasional , Chair","Tight Back, Tight Seat",29-1/2,30,47,25,20,21,24,50,60,23.38,1150,3.25,2016
5443-01,"Occasional , Chair","Tight Back, Tight Seat",28-1/2,30,42-1/2,26,20,20,24,45,55,22.01,1321,4.25,2016
5444-01,"Occasional , Chair","Tight Back, Loose Seat",26,28,43,25,22,20,20,45,55,22.01,1315,6.00,2016
5459-01,"Occasional , Chair","Tight Back, Tight Seat",29,30,39,27,20,21,24,45,55,22.01,1401,4.00,2016
5460-01,"Occasional , Chair",Tight Seat,26,27,38,27,19-1/2,20,20,30,35,21.09,1015,2.00,2016
5463-01,"Occasional , Chair","Tight Back, Tight Seat",27,30-1/2,42-1/2,24,18-1/2,20,20-1/2,30,40,22.01,942,3.75,2016
5465-01,"Occasional , Chair","Tight Back, Tight Seat",29,28,40,25,19,20,23,35,45,21.09,1156,3.00,2016
5466-05,"Occasional , Side Chair","Tight Back, Tight Seat",26-1/2,27,41,N/A,21-1/2,19-1/2,N/A,40,45,19.01,1349,3.75,2016
5466-35,Office Swivel,"Tight Back, Tight Seat",26-1/2,27,39-1/2 to 42-1/2,N/A,20-1/2 to 23-1/2,19-1/2,N/A,65,75,21.09,1566,3.75,2016
5471-01,"Occasional , Chair","Tight Back, Tight Seat",30,35,44,25,19,22,22,55,65,27.93,1621,5.00,2016
5473-04,"Occasional, Arm Chair","Tight Back, Tight Seat",25-1/2,26-1/2,43,24-1/2,19-1/2,19,21,35,40,22.01,1040,2.50,2016
5473-05,"Occasional, Side Chair","Tight Back, Tight Seat",23,26-1/2,43,N/A,19-1/2,19,N/A,30,35,15.11,994,2.50,2016
5474-04,"Occasional, Arm Chair","Tight Back, Tight Seat",25-1/2,30,46-1/2,26,21,19,21-1/2,40,50,23.38,1199,3.75,2016
5474-05,"Occasional, Side Chair","Tight Back, Tight Seat",24,30,46-1/2,N/A,21,19,N/A,30,40,23.38,1153,3.25,2016
5476-04,"Occasional , Chair","Tight Back, Tight Seat",26,27,40,26,21,20,19-1/2,35,40,19.01,1425,4.00,2016
5476-35,Office Swivel,"Tight Back, Tight Seat",26,27,38 to 41,27 to 30,21 to 24,20,19-1/2,65,75,21.09,1655,4.00,2016
5706-40,Settee,"Tight Back, Loose Seat",54-1/2,36,35,25,21-1/2,24,45,75,85,55.88,2082,11.50,2016
5709-40,Settee,"Tight Back, Tight Seat",67,26-1/2,39,N/A,20,18-1/2,N/A,75,85,62.05,1621,6.00,2016
5716-01,Lounge Chair,"Tight Back, Loose Seat",35,32-1/2,38-1/2,25,20,20-1/2,22,60,70,25.52,1516,8.00,2016
5717-40,Settee,"Tight Back, Loose Seat",60-1/2,30-1/2,29-1/2,20-1/2,22,19,51,100,110,55.88,2082,10.75,2016
5719-01,"Occasional , Chair","Tight Back, Tight Seat",26-1/2,31,37-1/2,25-1/2,19,21,19-1/2,40,50,20.33,1257,5.00,2016
5719-40,Settee,"Tight Back, Tight Seat",55-1/2,34-1/2,37,25,19,23,49-1/2,70,80,55.88,2054,9.00,2016
5729-01,Lounge Chair,"Tight Back, Loose Seat",32,34,37,25-1/2,20,21,20,55,65,25.55,1480,8.00,2016
5729-40,Settee,"Tight Back, Loose Seat",53,34,37,25-1/2,20,21,41,75,85,55.88,2113,10.25,2016
5729-50,Sofa,"Tight Back, Loose Seat",74,34,37,25-1/2,20,21,62,110,125,69.04,2520,13.50,2016
5732-40,Settee,"Tight Back, Tight Seat",50-1/2,34,41,27-1/2,19-1/2,20,43,60,70,38.96,1544,6.50,2016
5744-40,Settee,"Tight Back, Tight Seat",47,27,38-1/2,N/A,20-1/2,20-1/2,N/A,50,60,42.50,1284,6.00,2016
5750-40,Settee,"Tight Back, Tight Seat",53,29-1/2,39-1/2,20,19,19-1/2,46,80,90,35.74,1856,9.50,2016
5758-01,Lounge Chair,"Tight Back, Loose Seat",29,33-1/2,42,27-1/2,22,22,22,45,55,22.01,1504,8.00,2016
5758-40,Settee,"Tight Back, Loose Seat",54,33,42-1/2,27-1/2,21,22,47,95,110,62.50,2297,10.75,2016
5765-01,"Occasional, Chair","Tight Back, Tight Seat",24-1/2,27,46-1/2,25-1/2,20,18-1/2,20,35,40,23.38,1119,4.00,2016
5765-40,Settee,"Tight Back, Tight Seat",51,26-1/2,46-1/2,25,20,18,45,65,75,48.80,1663,7.00,2016
5781-01,"Occasional, Chair","Tight Back, Tight Seat",28-1/2,31,38,25-1/2,20,21,22,50,60,20.33,1410,4.25,2016
5781-40,Settee,"Tight Back, Tight Seat",55-1/2,29-1/2,38,26,20,21,50-1/2,70,80,42.50,2079,7.00,2016
5796-40,Settee,"Tight Back, Tight Seat",63,35-1/2,41,25-1/2,20,19-1/2,43,80,90,61.76,1960,10.75,2016
6001-01,"Occasional , Chair","Tight Back, Tight Seat",24-1/2,30,42-1/2,26,20-1/2,20-1/2,20-1/2,35,45,22.01,1027,4.25,2016
6001-A4,"Occasional , Chair","Tight Back, Tight Seat",24-1/2,30,42-1/2,26,20-1/2,20-1/2,20-1/2,35,45,22.01,1101,4.25,2016
6002-01,"Occasional, Chair","Tight Back, Tight Seat",25,29-1/2,31-1/2,25,18,21-1/2,20-1/2,40,50,20.33,1092,2.50,2016
6006-01,"Occasional, Chair","Tight Back, Tight Seat",25,26-1/2,36,26,19-1/2,19,22,25,30,16.24,908,2.75,2016
6008-01,"Occasional, Chair","Tight Back, Tight Seat",24-1/2,24-1/2,36-1/2,26,19-1/2,18,21-1/2,25,30,19.01,911,2.75,2016
6009-01,Lounge Chair,"Tight Back, Loose Seat",32,32-1/2,43,22-1/2,20,22,28,65,75,27.93,1514,6.00,2016
6010-01,Lounge Chair,"Tight Back, Loose Seat",31-1/2,32,36-1/2,26,21-1/2,22,23,50,60,25.55,1480,7.25,2016
6011-01,Lounge Chair,"Tight Back, Loose Seat",27,30,38-1/2,25-1/2,21,21,22,45,55,21.70,1376,5.25,2016
6011-20,Ottoman,Semi-Attached Seat,26,21,18-1/2,N/A,N/A,N/A,N/A,20,25,9.51,844,3.25,2016
6023-01,Lounge Chair,"Tight Back, Loose Seat",27,31-1/2,37,19-1/2,21-1/2,22-1/2,24-1/2,45,55,20.33,1498,5.25,2016
6024-A4,"Occasional, Chair","Tight Back, Tight Seat, 25-1/2, 27",,,"30
26
18
22
20-1/2",,,,,25,30,13.71,838,2.00,2016
6025-01,Lounge Chair,"Tight Back, Loose Seat, 29-1/2, 32",,,"38
27
19-1/2
20-1/2
24",,,,,60,70,25.55,1296,6.25,2016
6026-01,Lounge Chair,"Tight Back, Loose Seat, 30, 33",,,"36
24
18
22
20",,,,,65,75,25.55,1486,7.00,2016
6028-01,"Occasional, Chair","Tight Back, Tight Seat, 24-1/2, 24-1/2",,,"35
26
20
18
19",,,,,35,45,20.33,1107,3.25,2016
6030-01,"Occasional, Chair","Tight Back, Tight Seat",24-1/2,25,37-1/2,26,18-1/2,20,21,25,30,16.24,875,2.00,2016
6035-01,Lounge Chair,"Semi-Attached Back, Loose Seat",34,35,36-1/2,27,21,22,21,90,100,25.55,1626,9.25,2016
6035-31,Swivel Chair,"Semi-Attached Back, Loose Seat",34,35,36-1/2,27,21,22,21,95,105,25.55,1657,9.75,2016
6036-01,Lounge Chair,"Tight Back, Loose Seat",28-1/2,33,38-1/2,24-1/2,21,22,20,45,50,20.48,1284,5.75,2016
6038-01,"Occasional, Chair","Tight Back, Tight Seat",28,38-1/2,38,26-1/2,20,21-1/2,24-1/2,50,60,33.48,1192,4.00,2016
6042-01,"Occasional, Chair","Tight Back, Tight Seat",23,26-1/2,35,26-1/2,20,18-1/2,20,25,30,14.98,838,2.00,2016
6044-01,"Occasional, Chair","Tight Back, Tight Seat",29,31,39,26-1/2,20,20,17-1/2,35,45,22.01,1146,5.00,2016
6044-A4,"Occasional, Chair","Tight Back, Tight Seat",29,31,39,26-1/2,20,20,17-1/2,35,45,22.01,1220,5.00,2016
6045-01,"Occasional, Chair","Tufted Back, Tufted Seat",24,31,35-1/2,N/A,19-1/2,20,N/A,30,35,16.24,1131,5.25,2016
6064-01,"Occasional, Chair","Tight Back, Tight Seat",25-1/2,28-1/2,41,27-1/2,20,19,19,40,50,21.35,1046,4.75,2016
6065-01,Lounge Chair,"Tight Back, Loose Seat",29-1/2,33-1/2,38,25,20-1/2,23,28,45,55,25.55,1553,7.25,2016
6066-01,Lounge Chair,"Loose Back, Loose Seat",31-1/2,35,40-1/2,24-1/2,21-1/2,21,25-1/2,55,65,27.93,1657,9.50,2016
6066-20,Ottoman,Semi-Attached Seat,27,23,20,N/A,N/A,N/A,N/A,25,30,9.51,832,3.25,2016
6067-01,"Occasional, Chair","Tight Back, Tight Seat",21-1/2,24,33-1/2,25,20,17,19,20,25,14.98,838,2.00,2016
6069-04,"Occasional, Arm Chair","Tight Back, Tight Seat",25,25-1/2,38,26,20,17-1/2,22,30,35,16.24,893,4.00,2016
6069-05,"Occasional, Side Chair","Tight Back, Tight Seat",22-1/2,25-1/2,38,N/A,20,17-1/2,N/A,25,30,16.24,862,4.00,2016
6069-35,"Executive, Swivel","Tight Back, Tight Seat",22-1/2,26,35-1/2 to 38-1/2,N/A,18 to 21,18,N/A,45,50,19.01,1092,4.00,2016
6070-35,"Executive, Swivel","Tight Back, Tight Seat",23,27-1/2,36-1/2 to 40,N/A,19 to 22-1/2,18,N/A,35,40,19.01,969,3.75,2016
6074-01,"Occasional, Chair","Tight Back, Tight Seat",28-1/2,29,38,24-1/2,21-1/2,19-1/2,21,40,50,20.33,1254,4.75,2016
6078-01,"Occasional, Chair","Tufted Back, Tight Seat",25-1/2,29-1/2,45,21,20-1/2,18-1/2,18,40,50,23.38,1330,5.75,2016
6080-01,"Occasional, Chair","Tight Back, Tight Seat",26,25,33,26,19-1/2,20,21-1/2,50,55,19.01,1061,3.75,2016
6080-A4,"Occasional, Chair","Tight Back, Tight Seat",26,25,33,26,19-1/2,20,21-1/2,50,55,19.01,1135,3.25,2016
6081-01,Lounge Chair,"Loose Back, Loose Seat",31,36,39,25,19-1/2,23,24-1/2,75,85,25.55,1376,6.00,2016
6089-01,"Occasional, Chair","Tight Back, Tight Seat",30,29,33,25,18-1/2,20-1/2,20,40,50,25.55,1303,4.75,2016
6091-01,"Occasional, Chair","Tight Back, Tight Seat",27,27,35-1/2,25,20,20,19-1/2,50,60,21.09,1150,4.00,2016
6094-04,"Occasional, Arm Chair","Tight Back, Tight Seat",21-1/2,21-1/2,32-1/2,26,19,19-1/2,19,25,30,16.24,804,2.50,2016
6094-05,"Occasional, Side Chair","Tight Back, Tight Seat",22,22-1/2,32-1/2,N/A,19,19-1/2,N/A,30,35,13.71,774,2.50,2016
6097-01,Lounge Chair,"Loose Back, Loose Seat",37-1/2,34-1/2,36-1/2,24-1/2,21,20,22,65,75,32.16,1516,9.00,2016
6098-A4,"Occasional, Chair","Tight Back, Tight Seat",27,25,36,25-1/2,20,19-1/2,21,35,40,19.01,1275,3.00,2016
6099-01,"Occasional, Chair","Tight Back, Tight Seat",23,23-1/2,34-1/2,26,20,18-1/2,19,25,30,14.98,807,2.00,2016
6101-31,Swivel Chair,"Tight Back, Loose Seat",33-1/2,34-1/2,35,27,20-1/2,22,21,60,70,25.55,1351,8.50,2016
6118-01,Lounge Chair,"Tight Back, Loose Seat",29,32,32,27,21,22,22,55,65,25.55,1330,6.25,2016
6118-31,Swivel Chair,"Tight Back, Loose Seat",29,32,32,27,21,22,22,55,65,25.55,1330,6.25,2016
6121-31,Swivel Chair,"Tight Back, Loose Seat",33-1/2,34,37-1/2,27,21-1/2,21,23,75,85,25.55,1418,7.25,2016
7003-33,"Recliner **, Recl. Depth: 68""","Semi-Attached Bk, Loose Seat",31,40,42,25,21-1/2,22,21-1/2,105,115,33.75,2235,11.25,2016
7003-ER,"Motorized Recl., Recl. Depth: 68""","Semi-Attached Back, Tight Seat",31,41,42,25,21-1/2,20-1/2,21,105,115,33.75,2618,11.25,2016
7004-33,"Recliner **, Recl. Depth: 69""","Semi-Attached Bk, Loose Seat",35,42,43-1/2,27-1/2,21-1/2,21-1/2,22,110,125,33.75,2388,11.50,2016
7004-ER,"Motorized Recl., Recl. Depth: 69""","Semi-Attached Back, Tight Seat",35,42,43-1/2,27-1/2,21-1/2,21-1/2,22,130,145,35.21,2863,11.50,2016
7023-33,"Recliner, Recl. Depth: 69""","Tight Back, Loose Seat",33-1/2,39,42,25-1/2,21-1/2,22-1/2,22,105,115,35.14,2100,10.75,2016
7023-ER,"Motorized Recl., Recl. Depth: 70""","Tight Back, Loose Seat",31-1/2,40-1/2,44,26-1/2,22,20-1/2,21,90,100,35.14,2529,10.75,2016
7056-33,"Recliner **, Recl. Depth: 64-1/2","Tight Back, Tight Seat",33-1/2,35-1/2,42-1/2,27,18-1/2,19-1/2,22,130,145,33.75,1993,10.50,2016
7056-ER,"Motorized Recl., Recl. Depth: 64-1/2""","Tight Back, Loose Seat",33-1/2,35-1/2,42-1/2,27,18-1/2,19-1/2,22,,,,2437,10.50,2016
7058-33,"Recliner, Recl. Depth: 66-1/2""","Semi-Attached Back, Loose Seat",31-1/2,40-1/2,44-1/2,26-1/2,22,20,22,105,115,35.14,2330,10.75,2016
7058-ER,"Motorized Recl., Recl. Depth: 66-1/2""","Semi-Attached Back, Loose Seat",32,41,44-1/2,26,22,20-1/2,21-1/2,105,115,35.14,2758,10.75,2016
7830-01,"Occasional, Chair","Tight Back, Tight Seat",23,27-1/2,37-1/2,25,19,19,19,30,35,16.24,930,2.50,2016
7830-40,Settee,"Tight Back, Tight Seat",54,27-1/2,37-1/2,25,19,19,50,40,85,42.50,1471,4.25,2016
8060-01,"Occasional, Chair","Tight Back, Tight Seat",28,31-1/2,38-1/2,25-1/2,20,23,23,30,40,20.78,1015,3.00,2016
8104-B7,Bistro Stool,"Tight Back, Tight Seat",20,22-1/2,42-1/2,N/A,26,17,N/A,30,35,13.50,942,2.50,2016
8106-20,Ottoman,Tight Seat,22-1/2,18-1/2,20,N/A,N/A,N/A,N/A,30,35,9.51,789,2.50,2016
8199-35,"Office, Swivel","Tight Back, Tight Seat",24-1/2,23,32 to 35-1/2,21-1/2 to 25,17 to 20-1/2,18-1/2,22-1/2,30,35,16.24,1590,3.00,2016
8199-A4,"Occasional, Chair","Tight Back, Tight Seat",24-1/2,23,36-1/2,25,20,18,21,30,35,16.24,1346,3.00,2016
8216-04,"Occasional, Arm Chair","Tight Back, Tight Seat",24,28,35,25,19,20-1/2,21,35,40,19.01,893,2.50,2016
8250-01,"Occasional, Chair","Tight Back, Tight Seat",24-1/2,26-1/2,38-1/2,26,18-1/2,19,18,30,35,16.24,881,3.00,2016
8250-A4,"Occasional, Chair","Tight Back, Tight Seat",24-1/2,26-1/2,38-1/2,26,18-1/2,19,18,35,40,14.98,954,3.00,2016
8272-04,"Occasional, Arm Chair","Tight Back, Tight Seat",21,24,35-1/2,25-1/2,18,16-1/2,19,30,35,13.50,716,2.00,2016
8272-05,"Occasional, Side Chair","Tight Back, Tight Seat",21,24,35-1/2,N/A,18,16-1/2,N/A,25,30,15.00,685,2.00,2016
8272-A2,"Dining, Arm Chair","Tight Back, Tight Seat",21,24,35-1/2,25-1/2,18,16-1/2,19,30,35,13.50,752,2.00,2016
8272-A4,"Occasional, Arm Chair","Tight Back, Tight Seat",21,24,35-1/2,25-1/2,18,16-1/2,19,30,35,13.50,789,2.00,2016
8272-S4,"Occasional, Side Chair","Tight Back, Tight Seat",21,24,35-1/2,N/A,18,16-1/2,N/A,25,30,15.00,758,1.50,2016
8304-04,"Occasional, Arm Chair","Tight Back, Tight Seat",25-1/2,23-1/2,37-1/2,24-1/2,19,18-1/2,19,30,35,21.09,771,2.50,2016
8304-05,"Occasional, Side Chair","Tight Back, Tight Seat",21-1/2,23-1/2,37-1/2,N/A,19,18-1/2,N/A,30,35,21.09,740,2.50,2016
8304-A4,"Occasional, Arm Chair","Tight Back, Tight Seat",25-1/2,23-1/2,37-1/2,24-1/2,19,18-1/2,19,30,35,21.09,844,2.00,2016
8304-S4,"Occasional, Side Chair","Tight Back, Tight Seat",21-1/2,23-1/2,37-1/2,N/A,19,18-1/2,N/A,30,35,21.09,813,2.00,2016
8309-04,"Occasional, Arm Chair","Tight Back, Tight Seat",24-1/2,25,39,28,19-1/2,18,21,30,35,21.09,966,2.00,2016
8309-05,"Occasional , Side Chair","Tight Back, Tight Seat",22,25,39,N/A,19-1/2,18,N/A,25,30,16.45,875,2.00,2016
8318-04,"Occasional, Arm Chair","Tight Back , Tight Seat",23-1/2,26,38-1/2,26,19,21,21,25,30,16.24,887,2.50,2016
8318-05,"Occasional, Side Chair","Tight Back , Tight Seat",22-1/2,26,38-1/2,N/A,19,21,N/A,25,30,16.24,856,2.50,2016
8319-01,"Occasional, Chair","Tight Back, Tight Seat",21,24-1/2,36-1/2,N/A,21-1/2,21,N/A,25,30,15.00,819,3.25,2016
8321-01,"Occasional, Chair","Tight Back, Tight Seat",22,24-1/2,35-1/2,N/A,19-1/2,18-1/2,N/A,25,30,13.50,819,3.75,2016
8322-01,"Occasional , Chair","Tight Back, Tight Seat",25-1/2,25-1/2,33,26,20-1/2,20,20-1/2,35,40,14.98,1083,2.50,2016
8324-07,Bar Stool,"Tight Back, Tight Seat",18-1/2,20-1/2,44-1/2,N/A,31,16-1/2,N/A,25,30,20.25,905,1.75,2016
8324-C7,"Counter, Stool","Tight Back, Tight Seat",18-1/2,20-1/2,40-1/2,N/A,28,16-1/2,N/A,25,30,15.00,905,1.75,2016
8326-04,"Occasional, Arm Chair",Tight Seat,23,23,38,25,19-1/2,19,20-1/2,25,30,15.00,814,1.50,2016
8326-05,"Occasional , Side Chair",Tight Seat,20,23,38,N/A,19-1/2,19,N/A,20,25,15.00,783,1.50,2016
8326-07,Bar Stool,Tight Seat,18-1/2,20-1/2,44-1/2,N/A,31,17-1/2,N/A,20,25,20.25,862,1.75,2016
8326-C7,"Counter , Stool",Tight Seat,18-1/2,20-1/2,40,N/A,27,17,N/A,30,35,15.00,862,1.75,2016
8328-04,"Occasional, Arm Chair","Tight Back, Tight Seat",23-1/2,25,38,26,19-1/2,18-1/2,20-1/2,25,30,15.00,905,2.50,2016
8329-01,"Occasional, Chair","Tight Back, Tight Seat",21,24-1/2,36-1/2,N/A,21-1/2,21,N/A,25,30,15.00,850,3.25,2016
8329-07,Bar Stool,"Tight Back, Tight Seat",20,22-1/2,45-1/2,N/A,30,17-1/2,N/A,35,40,20.25,893,3.25,2016
8329-C7,"Counter, Stool","Tight Back, Tight Seat",20,22-1/2,42,N/A,26-1/2,17-1/2,N/A,35,40,18.56,893,3.25,2016
8331-01,"Occasional, Chair",Tight Seat,19,21-1/2,34,N/A,20,17,N/A,20,25,13.50,624,1.50,2016
8334-04,"Occasional, Arm Chair","Tight Back, Tight Seat",24,25,38,26-1/2,19-1/2,19,20-1/2,30,35,16.24,899,1.75,2016
8334-05,"Occasional, Side Chair","Tight Back, Tight Seat",23,24,38,N/A,19-1/2,19,N/A,25,30,16.24,869,1.75,2016
8336-04,"Occasional, Arm Chair","Tight Back, Tight Seat",25,23-1/2,38,26-1/2,19-1/2,19,20-1/2,35,40,19.01,881,2.50,2016
8336-05,"Occasional, Side Chair","Tight Back , Tight Seat",20,24-1/2,38,N/A,19-1/2,19,N/A,25,30,15.00,850,2.50,2016
8337-01,"Occasional, Chair","Tight Back, Loose Seat",26,26-1/2,34,24,20-1/2,20-1/2,20,35,40,19.01,1272,4.25,2016
8338-04,"Occasional, Arm Chair","Tight Back , Tight Seat",23-1/2,26,38-1/2,26,19,21,21,25,30,16.24,887,2.50,2016
8338-05,"Occasional, Side Chair","Tight Back , Tight Seat",22-1/2,26,38-1/2,N/A,19,21,N/A,25,30,16.24,856,2.50,2016
8338-A4,"Occasional, Arm Chair","Tight Back , Tight Seat",23-1/2,26,38-1/2,26,19,21,21,25,30,16.24,960,2.50,2016
8339-04,"Occasional, Arm Chair","Tight Back, Tight Seat",24-1/2,25,39,28,19-1/2,18,21,30,35,21.09,991,2.00,2016
8339-05,"Occasional, Side Chair","Tight Back, Tight Seat",22,25,39,N/A,19-1/2,18,N/A,25,30,16.45,899,2.00,2016
8339-40,Settee,"Tight Back, Tight Seat",48,26-1/2,38-1/2,28,19-1/2,18,42-1/2,75,85,47.49,1612,4.00,2016
8340-11,Stack Chair,"Tight Back, Tight Seat",21-1/2,24,34-1/2,26-1/2,19,17-1/2,19,25,30,13.50,844,2.00,2016
8362-04,"Occasional , Arm Chair",Tight Seat,24-1/2,22-1/2,38,25,20-1/2,18,20-1/2,25,30,15.00,808,1.50,2016
8362-05,"Occasional, Side Chair",Tight Seat,21-1/2,22-1/2,38,N/A,20-1/2,18,N/A,25,30,15.00,777,1.50,2016
8362-07,Bar Stool,Tight Seat,18-1/2,20-1/2,44-1/2,N/A,31,17,N/A,30,35,20.25,856,1.50,2016
8362-C7,"Counter, Stool",Tight Seat,18-1/2,20-1/2,40-1/2,N/A,28,17,N/A,25,30,15.19,856,1.50,2016
8363-04,"Occasional, Arm Chair","Tight Back, Tight Seat",24-1/2,23,38,24-1/2,20,17-1/2,20-1/2,30,35,16.24,875,2.50,2016
8363-05,"Occasional, Side Chair","Tight Back, Tight Seat",21-1/2,23,37,N/A,19-1/2,18,N/A,25,30,15.00,844,2.50,2016
8363-A4,"Occasional, Arm Chair","Tight Back, Tight Seat",24-1/2,23,38,24-1/2,20,17-1/2,20-1/2,30,35,16.24,948,2.50,2016
8365-04,"Occasional, Arm Chair","Tight Back, Tight Seat",24-1/2,23,38,24-1/2,20,17-1/2,20-1/2,25,30,16.24,875,2.50,2016
8365-05,"Occasional, Side Chair","Tight Back, Tight Seat",21-1/2,23,37,N/A,20,17-1/2,N/A,25,30,15.00,844,2.50,2016
8365-A4,"Occasional, Arm Chair","Tight Back, Tight Seat",24-1/2,23,38,24-1/2,20,17-1/2,20-1/2,25,30,16.24,948,2.50,2016
8366-04,"Occasional, Arm Chair","Tight Back, Tight Seat",24,23-1/2,38-1/2,26,21,18-1/2,21,30,35,16.24,875,1.75,2016
8366-05,"Occasional, Side Chair","Tight Back, Tight Seat",21,23-1/2,38-1/2,N/A,21,18-1/2,N/A,25,30,15.00,844,1.75,2016
8366-07,Bar Stool,"Tight Back, Tight Seat",18-1/2,21,44-1/2,N/A,31,17,N/A,35,40,20.25,905,1.75,2016
8366-C7,"Counter, Stool","Tight Back, Tight Seat",18-1/2,21,40-1/2,N/A,27-1/2,17,N/A,25,30,15.19,905,1.75,2016
8368-04,"Occasional , Arm Chair","Tight Back, Tight Seat",24-1/2,27,40,26-1/2,20,19,21,35,40,21.09,911,2.50,2016
8368-05,"Occasional, Side Chair","Tight Back, Tight Seat",23-1/2,26,40,N/A,19,18,N/A,30,35,15.11,881,2.50,2016
8368-A2,"Occasional , Arm Chair","Tight Back, Tight Seat",24-1/2,27,40,26-1/2,20,19,21,35,40,21.09,948,2.50,2016
8368-A4,"Occasional , Arm Chair","Tight Back, Tight Seat",24-1/2,27,40,26-1/2,20,19,21,35,40,21.09,985,2.50,2016
8370-01,"Occasional, Chair",Tight Seat,21-1/2,22,34,27,19-1/2,19,18-1/2,30,35,13.50,765,1.50,2016
8375-01,"Occasional, Chair","Tight Back, Tight Seat",27,29,34-1/2,27,20-1/2,20,19-1/2,40,50,19.01,1192,5.75,2016
8378-04,"Occasional, Arm Chair","Tight Back, Tight Seat",22,24,36,26,19,17-1/2,19,30,35,13.50,918,2.50,2016
8378-05,"Occasional, Side Chair","Tight Back, Tight Seat",21-1/2,24,36,N/A,19-1/2,17-1/2,N/A,20,25,15.00,887,2.50,2016
8379-01,"Occasional, Chair","Tight Back, Tight Seat",24-1/2,28,37-1/2,23,19-1/2,19,18,35,45,21.09,997,4.00,2016
8379-35,Office Swivel,"Tight Back, Tight Seat",24-1/2,28,33 to 36,18-1/2 to 21-1/2,16-1/2 to 19-1/2,19,18,55,65,19.01,1211,4.00,2016
8381-04,"Occasional, Chair","Tight Back, Tight Seat",24,25,41,25-1/2,19,18-1/2,19,35,40,15.11,1076,2.75,2016
8381-A4,"Occasional, Chair","Tight Back, Tight Seat",24,25,41,25-1/2,19,18-1/2,19,35,40,21.09,1150,2.75,2016
8384-04,"Occasional, Arm Chair","Tight Back, Tight Seat",26,26,38,26,21,19,20-1/2,30,40,21.09,930,2.75,2016
8384-05,"Occasional, Side Chair","Tight Back, Tight Seat",24,23,37-1/2,N/A,20,18,N/A,30,35,16.24,899,2.75,2016
8389-01,"Occasional, Chair","Tufted Back, Tight Seat",24-1/2,28,37-1/2,23,19-1/2,19,18,35,45,21.09,1101,4.00,2016
8389-35,Office Swivel,"Tight Back, Tight Seat",24-1/2,28,33 to 36,18-1/2 to 21-1/2,16-1/2 to 19-1/2,19,18,55,65,19.01,1278,4.00,2016
8398-04,"Occasional, Arm Chair","Tight Back, Tight Seat",25-1/2,25,42,27,19-1/2,19,20,35,40,22.14,973,2.50,2016
8398-05,"Occasional, Side Chair","Tight Back, Tight Seat",22-1/2,23-1/2,41-1/2,N/A,19,18,N/A,40,45,15.11,942,2.50,2016
8403-04,"Occasional, Arm Chair","Tight Back, Tight Seat",25,26,39-1/2,23-1/2,20-1/2,18-1/2,17,30,35,21.09,1076,3.75,2016
8403-05,"Occasional, Side Chair","Tight Back, Tight Seat",23-1/2,26,39-1/2,N/A,20-1/2,18-1/2,N/A,25,30,16.66,1015,3.25,2016
8403-A2,"Occasional, Arm Chair","Tight Back, Tight Seat",25,26,39-1/2,23-1/2,20-1/2,18-1/2,17,30,35,21.09,1113,3.75,2016
8411-04,"Occasional, Arm Chair","Tight Back, Tight Seat",23,23,36-1/2,26,19-1/2,17-1/2,19,30,35,16.24,838,2.50,2016
8411-05,"Occasional, Side Chair","Tight Back, Tight Seat",23,24,36-1/2,N/A,19-1/2,18,N/A,25,30,16.24,807,2.50,2016
8411-A4,"Occasional, Arm Chair","Tight Back, Tight Seat",23,23,36-1/2,26,19-1/2,17-1/2,19,30,35,16.24,911,2.50,2016
8444-04,"Occasional, Arm Chair","Tight Back, Tight Seat",24-1/2,26-1/2,38-1/2,25,18-1/2,18-1/2,19-1/2,30,35,21.09,838,2.50,2016
8484-04,"Occasional, Arm Chair","Tight Back, Tight Seat",23,25,38,26,20,19-1/2,19-1/2,35,40,16.24,911,2.50,2016
8484-05,"Occasional, Side Chair","Tight Back, Tight Seat",23-1/2,24,38-1/2,N/A,19-1/2,19-1/2,N/A,30,35,16.24,881,2.50,2016
8484-A4,"Occasional, Arm Chair","Tight Back, Tight Seat",23,25,38,26,20,19-1/2,19-1/2,35,40,16.24,985,2.50,2016
8486-04,"Occasional, Arm Chair","Tight Back, Tight Seat",23,24-1/2,38,26-1/2,20-1/2,19,20,30,35,16.24,911,2.50,2016
8486-A4,"Occasional, Arm Chair","Tight Back, Tight Seat",23,24-1/2,38,26-1/2,20-1/2,19,20,30,35,16.24,985,2.50,2016
8499-04,"Occasional, Arm Chair","Tight Back, Tight Seat",23-1/2,23,41-1/2,27,20,17-1/2,20,30,35,15.11,862,2.00,2016
8499-05,"Occasional, Side Chair","Tight Back, Tight Seat",23,22-1/2,41-1/2,N/A,19-1/2,18,N/A,25,30,15.75,832,2.00,2016
8504-QH,"Queen, Headboard",,62,3-1/2,57,N/A,N/A,N/A,N/A,65,65,12.99,1284,5.75,2016
8504-KH,"King, Headboard",,78,3-1/2,59,N/A,N/A,N/A,N/A,75,75,16.25,1330,5.75,2016
8505-QH,"Queen, Headboard",,62,3-1/2,57,N/A,N/A,N/A,N/A,70,70,12.99,1284,6.25,2016
8505-KH,"King, Headboard",,78,3-1/2,59,N/A,N/A,N/A,N/A,80,80,16.25,1330,7.25,2016
8506-QH,"Queen, Headboard",,62,3-1/2,63,N/A,N/A,N/A,N/A,65,65,14.05,1284,6.00,2016
8506-KH,"King, Headboard",,78,3-1/2,64-1/2,N/A,N/A,N/A,N/A,75,75,17.58,1330,6.50,2016
8514-QH,"Queen, Headboard",,62,3-1/2,57,N/A,N/A,N/A,N/A,65,65,12.99,1253,5.75,2016
8514-KH,"King, Headboard",,78,3-1/2,59,N/A,N/A,N/A,N/A,75,75,16.25,1299,5.75,2016
8515-QH,"Queen, Headboard",,62,3-1/2,57,N/A,N/A,N/A,N/A,70,70,12.99,1253,6.25,2016
8515-KH,"King, Headboard",,78,3-1/2,59,N/A,N/A,N/A,N/A,80,80,16.25,1299,7.25,2016
8516-QH,"Queen, Headboard",,62,3-1/2,63,N/A,N/A,N/A,N/A,65,65,14.05,1253,6.00,2016
8516-KH,"King, Headboard",,78,3-1/2,64-1/2,N/A,N/A,N/A,N/A,75,75,17.58,1299,6.50,2016
8525-QH,"Queen, Headboard",,62-1/2,3,57,N/A,N/A,N/A,N/A,70,70,12.99,1605,3.75,2016
8525-KH,"King, Headboard",,78-1/2,3,59,N/A,N/A,N/A,N/A,80,80,16.25,1651,4.00,2016
8535-QH,"Queen, Headboard",,62-1/2,3,57,N/A,N/A,N/A,N/A,70,70,12.99,1575,3.75,2016
8535-KH,"King, Headboard",,78-1/2,3,59,N/A,N/A,N/A,N/A,80,80,16.25,1621,4.00,2016
8545-QH,"Queen, Headboard",,70,10,66,N/A,N/A,N/A,61-1/2,125,125,37.25,2850,10.25,2016
8545-QB,"Queen, Bed Rails","Fits , 8545-QH Only",68,85,13-1/2,N/A,N/A,N/A,N/A,45,45,1.95,1229,4.00,2016
8545-KH,"King, Headboard",,86,10,66,N/A,N/A,N/A,77-1/2,135,135,37.25,3184,11.25,2016
8545-KB,"King, Bed Rails","Fits , 8545-KH Only",84,87,13-1/2,N/A,N/A,N/A,82,60,60,1.95,1306,4.00,2016
8700-04,"Occasional , Arm Chair","Tight Back, Tight Seat",23-1/2,23-1/2,38,25,19,19-1/2,20,30,35,16.24,832,2.75,2016
8700-A4,"Occasional , Arm Chair","Tight Back, Tight Seat",23-1/2,23-1/2,38,25,19,19-1/2,20,30,35,16.24,905,2.75,2016
8702-04,"Occasional , Arm Chair","Tight Back, Tight Seat",24-1/2,24,37-1/2,26-1/2,19,18-1/2,20-1/2,30,35,16.24,899,2.50,2016
8703-01,"Occasional, Chair","Tight Back, Tight Seat",26-1/2,28-1/2,35,25,17-1/2,20,18,30,35,19.01,1162,3.25,2016
8704-01,"Occasional, Chair","Tight Back, Tight Seat",26,26,32,25,19-1/2,19-1/2,19,35,40,21.09,1088,4.25,2016
8705-04,"Occasional , Arm Chair","Tight Back, Tight Seat",23,23-1/2,39,25-1/2,19-1/2,18-1/2,19,20,40,16.45,887,2.50,2016
8705-05,"Occasional, Side Chair","Tight Back, Tight Seat",22,23-1/2,39,N/A,19-1/2,18-1/2,N/A,25,30,15.00,856,2.50,2016
8708-01,"Occasional  , Chair","Tight Back, Tight Seat",25,25-1/2,36,26,19,19,20,30,35,16.24,832,2.50,2016
8710-04,"Occasional , Arm Chair","Tight Back, Tight Seat",21-1/2,23-1/2,38,25,19-1/2,18,18-1/2,25,30,15.00,832,1.75,2016
8710-A4,"Occasional , Arm Chair","Tight Back, Tight Seat",21-1/2,23-1/2,38,25,19-1/2,18,18-1/2,25,30,15.00,869,1.75,2016
8718-04,"Occasional, Arm Chair","Tight Back, Tight Seat",22-1/2,25,38-1/2,25-1/2,19-1/2,19-1/2,20,25,30,16.24,911,2.75,2016
8718-05,"Occasional, Side Chair","Tight Back, Tight Seat",22,24-1/2,38-1/2,N/A,19-1/2,19-1/2,N/A,30,35,15.00,881,2.75,2016
8720-04,"Occasional, Chair","Tight Back, Tight Seat",23,23-1/2,31-1/2,25-1/2,19-1/2,20-1/2,18-1/2,25,40,21.09,1076,3.25,2016
8720-06,Bar Stool,"Tight Back, Tight Seat",23,23-1/2,42,36,30,20-1/2,18-1/2,40,45,18.56,1153,3.00,2016
8720-C6,"Counter , Stool","Tight Back, Tight Seat",23,23-1/2,38,32,26,20-1/2,18-1/2,35,40,19.01,1153,3.75,2016
8721-04,"Occasional , Arm Chair","Tight Back, Tight Seat",24,25,39-1/2,25-1/2,19,19,20,35,40,16.66,838,2.75,2016
8721-05,"Occasional, Side Chair","Tight Back, Tight Seat",24,24-1/2,39,N/A,19-1/2,19-1/2,N/A,30,35,16.45,807,2.75,2016
8722-11,"Arm, Stack Chair","Tight Back, Tight Seat",25,22,39,25-1/2,19,17,19,30,35,16.24,820,2.00,2016
8732-01,"Occasional, Chair","Tight Back, Tight Seat",26,24-1/2,33,26,19-1/2,19-1/2,21,35,40,14.98,1064,2.50,2016
8732-A4,"Occasional, Chair","Tight Back, Tight Seat",26,24-1/2,33,26,19-1/2,19-1/2,21,35,40,14.98,1138,2.50,2016
8736-04,"Occasional, Arm Chair","Tight Back, Tight Seat",23-1/2,25-1/2,38,25-1/2,19,19-1/2,20,25,30,16.24,905,2.50,2016
8736-05,"Occasional, Side Chair","Tight Back, Tight Seat",24,26,37-1/2,N/A,19,19-1/2,N/A,25,30,16.24,881,2.50,2016
8738-04,"Occasional, Arm Chair","Tight Back, Tight Seat",24-1/2,22-1/2,34,25-1/2,19-1/2,18,20,30,35,14.98,801,2.50,2016
8746-04,"Occasional, Arm Chair","Tight Back, Tight Seat",24,22,33-1/2,26,18-1/2,18,20-1/2,30,35,13.50,820,2.50,2016
8746-11,"Arm , Stack Chair","Tight Back, Tight Seat",24-1/2,21,33-1/2,26,18-1/2,17,21,35,40,16.24,789,2.00,2016
8748-04,"Occasional, Arm Chair","Tight Back, Tight Seat",23,22-1/2,34,26,19-1/2,19,19-1/2,30,35,14.98,881,2.50,2016
8748-06,Bar Stool,"Tight Back, Tight Seat",22,22,43-1/2,35-1/2,32,18,18-1/2,20,25,12.18,966,3.00,2016
8748-A4,"Occasional, Arm Chair","Tight Back, Tight Seat",23,22-1/2,34,26,19-1/2,19,19-1/2,30,35,14.98,954,2.50,2016
8748-C6,Counter Stool,"Tight Back, Tight Seat",22,22,39,31,26,18,18-1/2,,,,966,3.00,2016
8756-04,"Occasional , Chair","Tight Back, Tight Seat",25,26,37,26,19,19,20,30,35,21.09,997,3.00,2016
8761-04,"Occasional , Chair","Tight Back, Tight Seat",23-1/2,25,39-1/2,25-1/2,19,19-1/2,19-1/2,30,35,16.66,942,2.75,2016
8761-A4,"Occasional , Chair","Tight Back, Tight Seat",23-1/2,25,39-1/2,25-1/2,19,19-1/2,19-1/2,,,,1015,2.75,2016
8762-01,"Occasional  , Chair","Tight Back, Tight Seat",24,23,36-1/2,25-1/2,19-1/2,18,20-1/2,35,40,16.24,930,3.00,2016
8763-05,"Occasional, Side Chair","Tight Back, Tight Seat",18,22-1/2,35-1/2,N/A,20,17-1/2,N/A,20,25,13.50,832,2.00,2016
8768-05,"Occasional, Side Chair","Tight Back, Tight Seat",18,22-1/2,35-1/2,N/A,20,17-1/2,N/A,20,25,13.50,777,2.00,2016
8770-04,"Occasional , Arm Chair","Tight Back, Tight Seat",22,23-1/2,36-1/2,26-1/2,18-1/2,18,20,25,30,16.24,820,2.50,2016
8771-04,"Occasional , Arm Chair","Tight Back, Tight Seat",22,23-1/2,36-1/2,26-1/2,18-1/2,18,20,30,35,15.00,820,2.50,2016
8772-04,"Occasional, Arm Chair","Tight Back, Tight Seat",22-1/2,24,33,25-1/2,19,19,19-1/2,30,35,14.98,862,2.50,2016
8772-06,Bar Stool,"Tight Back, Tight Seat",21-1/2,23,44,36-1/2,30,19-1/2,18-1/2,40,45,18.56,985,2.50,2016
8772-C6,"Counter , Stool","Tight Back, Tight Seat",21-1/2,23,40,32-1/2,26,19-1/2,18-1/2,25,30,34.00,985,2.50,2016
8772-A4,"Occasional, Arm Chair","Tight Back, Tight Seat",22-1/2,24,33,25-1/2,19,19,19-1/2,30,35,14.98,936,2.50,2016
8778-04,"Occasional, Arm Chair","Tight Back, Tight Seat",24-1/2,24-1/2,38-1/2,26-1/2,19,18,19-1/2,30,35,16.24,875,2.50,2016
8778-05,"Occasional, Side Chair","Tight Back, Tight Seat",23-1/2,23-1/2,38-1/2,N/A,19-1/2,18,N/A,25,30,15.00,844,2.50,2016
8778-A4,"Occasional, Arm Chair","Tight Back, Tight Seat",24-1/2,24-1/2,38-1/2,26-1/2,19,18,19-1/2,30,35,16.24,948,2.50,2016
8780-04,"Occasional, Arm Chair","Tight Back, Tight Seat",23-1/2,25,39-1/2,25-1/2,19,18,20-1/2,30,35,16.24,918,2.50,2016
8780-06,Bar Stool,"Tight Back, Tight Seat",23,23-1/2,50-1/2,36-1/2,30,17,20,30,35,24.50,1003,2.50,2016
8780-A4,"Occasional, Arm Chair","Tight Back, Tight Seat",23-1/2,25,39-1/2,25-1/2,19,18,20-1/2,,,,991,2.50,2016
8780-C6,Counter Stool,"Tight Back, Tight Seat",23,23-1/2,46-1/2,32,26,17,20,30,35,24.50,1003,2.50,2016
8783-11,"Arm, Stack Chair","Tight Back, Tight Seat",23,23,40,25-1/2,19,18-1/2,20,30,35,16.24,856,2.50,2016
8784-04,"Occasional, Chair","Tight Back, Tight Seat",27,24-1/2,30-1/2,25,19-1/2,20,19,35,40,21.60,1272,5.00,2016
8784-A4,"Occasional, Chair","Tight Back, Tight Seat",27,24-1/2,30-1/2,25,19-1/2,20,19,35,40,21.09,1345,5.00,2016
8785-04,"Occasional, Arm Chair","Tight Back, Tight Seat",22-1/2,23,37,26,19-1/2,18,18-1/2,25,30,15.00,820,2.50,2016
8788-04,"Occasional, Arm Chair","Tight Back, Tight Seat",23,24,40,25-1/2,19,19,20,30,35,16.24,875,2.50,2016
8788-A4,"Occasional, Arm Chair","Tight Back, Tight Seat",23,24,40,25-1/2,19,19,20,30,35,16.24,948,2.50,2016
8790-04,"Occasional, Arm Chair","Tight Back, Tight Seat",24,25-1/2,38,26,19,19,20,35,40,16.24,905,2.50,2016
8790-05,"Occasional, Side Chair","Tight Back, Tight Seat",24,25-1/2,38,N/A,19,19,N/A,35,40,16.24,875,2.50,2016
8790-A4,"Occasional, Arm Chair","Tight Back, Tight Seat",24,25-1/2,38,26,19,19,20,35,40,16.24,979,2.50,2016
8793-11,"Arm, Stack Chair","Tight Back, Tight Seat",23,24,39-1/2,25-1/2,19,18-1/2,20,30,35,15.00,856,2.50,2016
8798-04,"Occasional , Arm Chair","Tight Back, Tight Seat",23,25-1/2,40-1/2,25,19-1/2,20,20,35,40,19.01,875,2.00,2016
8966-01,"Lounge, Chair","Tight Back, Loose Seat",40,36-1/2,36,25-1/2,19-1/2,20,23,95,105,31.44,1519,9.25,2016
8966-20,Ottoman,Semi-Attached Seat,24,18,17-1/2,N/A,N/A,N/A,N/A,35,40,9.51,752,2.75,2016
8966-50,Sofa,"Tight Back, Loose Seat",85,36-1/2,36,25-1/2,19-1/2,20,68,160,185,79.34,2367,15.50,2016
8966-60,"Queen, Sleeper","Tight Back, Loose Seat",85,36-1/2,36,25-1/2,19-1/2,20,68,235,250,79.34,2902,15.00,2016
8966-70,Loveseat,"Tight Back, Loose Seat",61-1/2,36-1/2,36,25-1/2,19-1/2,20,44-1/2,130,145,60.41,2190,12.50,2016
